,eid,dataset
0,100029810,test
1,100031014,test
2,100035441,test
3,100038685,test
4,100039459,test
5,100040675,test
6,100042102,test
7,100045697,test
8,100046433,test
9,100047044,test
10,100047875,test
11,100049348,test
12,100049631,test
13,100050270,test
14,100050662,test
15,100051532,test
16,100051830,test
17,100052442,test
18,100052659,test
19,100053830,test
20,100055158,test
21,100055504,test
22,100057658,test
23,100058539,test
24,100059396,test
25,100059620,test
26,100061290,test
27,100061424,test
28,100061973,test
29,100063607,test
30,100064044,test
31,500003657,test
32,500003670,test
33,500003671,test
34,500003673,test
35,500003717,test
36,500003722,test
37,500003726,test
38,500003756,test
39,500003766,test
40,500003808,test
41,500003818,test
42,500003735,test
43,100066629,test
44,100000016,test
45,100000017,test
46,100000026,test
47,100000035,test
48,100000040,test
49,100000041,test
50,100000052,test
51,100000056,test
52,100000060,test
53,100000064,test
54,100000093,test
55,100000109,test
56,100000110,test
57,100000117,test
58,100000124,test
59,100000125,test
60,100000138,test
61,100000140,test
62,100000168,test
63,100000176,test
64,100000184,test
65,100000195,test
66,100000205,test
67,100000218,test
68,100000230,test
69,100000240,test
70,100000241,test
71,100000262,test
72,100000271,test
73,100000274,test
74,100000276,test
75,100000278,test
76,100000287,test
77,100000293,test
78,100000301,test
79,100000308,test
80,100000309,test
81,100000314,test
82,100000327,test
83,100000331,test
84,100000347,test
85,100000348,test
86,100000349,test
87,100000352,test
88,100000367,test
89,100000371,test
90,100000373,test
91,100000384,test
92,100000385,test
93,100000390,test
94,100000396,test
95,100000398,test
96,100000408,test
97,100000417,test
98,100000432,test
99,100000444,test
100,100000446,test
101,100000449,test
102,100000469,test
103,100000472,test
104,100000504,test
105,100000519,test
106,100000532,test
107,100000535,test
108,100000537,test
109,100000544,test
110,100000563,test
111,100000564,test
112,100000586,test
113,100000588,test
114,100000593,test
115,100000597,test
116,100000619,test
117,100000627,test
118,100000641,test
119,100000649,test
120,100000651,test
121,100000671,test
122,100000694,test
123,100000695,test
124,100000696,test
125,100000711,test
126,100000731,test
127,100000736,test
128,100000742,test
129,100000758,test
130,100000762,test
131,100000764,test
132,100000765,test
133,100000771,test
134,100000779,test
135,100000782,test
136,100000797,test
137,100000799,test
138,100000810,test
139,100000843,test
140,100000849,test
141,100000860,test
142,100000881,test
143,100000883,test
144,100000884,test
145,100000891,test
146,100000914,test
147,100000916,test
148,100000925,test
149,100000947,test
150,100000959,test
151,100000968,test
152,100000984,test
153,100000993,test
154,100000996,test
155,100001001,test
156,100001008,test
157,100001013,test
158,100001015,test
159,100001020,test
160,100001025,test
161,100001026,test
162,100001038,test
163,100001041,test
164,100001042,test
165,100001051,test
166,100001056,test
167,100001069,test
168,100001081,test
169,100001114,test
170,100001139,test
171,100001146,test
172,100001149,test
173,100001164,test
174,100001199,test
175,100002420,test
176,100002423,test
177,100002432,test
178,100002444,test
179,100002451,test
180,100002463,test
181,100002465,test
182,100002474,test
183,100002478,test
184,100002486,test
185,100002576,test
186,100002612,test
187,100002628,test
188,100002631,test
189,100002646,test
190,100002650,test
191,100002655,test
192,100002666,test
193,100002678,test
194,100002683,test
195,100002687,test
196,100002690,test
197,100002772,test
198,100002782,test
199,100002783,test
200,100002792,test
201,100002795,test
202,100002809,test
203,100002811,test
204,100002856,test
205,100002865,test
206,100002868,test
207,100002920,test
208,100002923,test
209,100002945,test
210,100002970,test
211,100002978,test
212,100002979,test
213,100002999,test
214,100003125,test
215,100003134,test
216,100003248,test
217,100003262,test
218,100003299,test
219,100003302,test
220,100003316,test
221,100003338,test
222,100003363,test
223,100003365,test
224,100003382,test
225,100003389,test
226,100003390,test
227,100003405,test
228,100003408,test
229,100003438,test
230,100003446,test
231,100003457,test
232,100003486,test
233,100003487,test
234,100003501,test
235,100003502,test
236,100003512,test
237,100003516,test
238,100003546,test
239,100003550,test
240,100003562,test
241,100003568,test
242,100003572,test
243,100003590,test
244,100003594,test
245,100003640,test
246,100003671,test
247,100003696,test
248,100003704,test
249,100003705,test
250,100003732,test
251,100003735,test
252,100003748,test
253,100003749,test
254,100003752,test
255,100003753,test
256,100003761,test
257,100003770,test
258,100003771,test
259,100003780,test
260,100003786,test
261,100003802,test
262,100003837,test
263,100003839,test
264,100003841,test
265,100003843,test
266,100003862,test
267,100003863,test
268,100003877,test
269,100003916,test
270,100003924,test
271,100003926,test
272,100003930,test
273,100003935,test
274,100003937,test
275,100003952,test
276,100003956,test
277,100003962,test
278,100003972,test
279,100003974,test
280,100003976,test
281,100003980,test
282,100003987,test
283,100003988,test
284,100003991,test
285,100004001,test
286,100004006,test
287,100004014,test
288,100004016,test
289,100004020,test
290,100004024,test
291,100004034,test
292,100004049,test
293,100004068,test
294,100004071,test
295,100004077,test
296,100004085,test
297,100004099,test
298,100004106,test
299,100004114,test
300,100004119,test
301,100004129,test
302,100004139,test
303,100004156,test
304,100004160,test
305,100004166,test
306,100004189,test
307,100004193,test
308,100004199,test
309,100004204,test
310,100004214,test
311,100004233,test
312,100004250,test
313,100004257,test
314,100004261,test
315,100004267,test
316,100004305,test
317,100004337,test
318,100004342,test
319,100004355,test
320,100004366,test
321,100004367,test
322,100004409,test
323,100004423,test
324,100004433,test
325,100004439,test
326,100004469,test
327,100004482,test
328,100004497,test
329,100004508,test
330,100004529,test
331,100004535,test
332,100004543,test
333,100004589,test
334,100004590,test
335,100004599,test
336,100004600,test
337,100004601,test
338,100004602,test
339,100004628,test
340,100004630,test
341,100004635,test
342,100004644,test
343,100004664,test
344,100004675,test
345,100004678,test
346,100004684,test
347,100004689,test
348,100004691,test
349,100004699,test
350,100004706,test
351,100004713,test
352,100004723,test
353,100004726,test
354,100004727,test
355,100004729,test
356,100004762,test
357,100004763,test
358,100004783,test
359,100004793,test
360,100004797,test
361,100004800,test
362,100004804,test
363,100004828,test
364,100004832,test
365,100004835,test
366,100004841,test
367,100004861,test
368,100004871,test
369,100004894,test
370,100004897,test
371,100004910,test
372,100004944,test
373,100004954,test
374,100004964,test
375,100004973,test
376,100004976,test
377,100004978,test
378,100005007,test
379,100005016,test
380,100005027,test
381,100005032,test
382,100005041,test
383,100005054,test
384,100005056,test
385,100005066,test
386,100005097,test
387,100005098,test
388,100005101,test
389,100005103,test
390,100005118,test
391,100005131,test
392,100005156,test
393,100005174,test
394,100005187,test
395,100005207,test
396,100005213,test
397,100005229,test
398,100005235,test
399,100005243,test
400,100005249,test
401,100005253,test
402,100005263,test
403,100005274,test
404,100005313,test
405,100005320,test
406,100005331,test
407,100005342,test
408,100005383,test
409,100005385,test
410,100005392,test
411,100005411,test
412,100005478,test
413,100005480,test
414,100005493,test
415,100005505,test
416,100005512,test
417,100005513,test
418,100005537,test
419,100005542,test
420,100005578,test
421,100005581,test
422,100005582,test
423,100005608,test
424,100005609,test
425,100005619,test
426,100005620,test
427,100005632,test
428,100005639,test
429,100005663,test
430,100005664,test
431,100005696,test
432,100005713,test
433,100005733,test
434,100005740,test
435,100005754,test
436,100005781,test
437,100005796,test
438,100005827,test
439,100005828,test
440,100005853,test
441,100005862,test
442,100005871,test
443,100005877,test
444,100005918,test
445,100005919,test
446,100005942,test
447,100005950,test
448,100005957,test
449,100005961,test
450,100005962,test
451,100005986,test
452,100006005,test
453,100006026,test
454,100006057,test
455,100006060,test
456,100006106,test
457,100006142,test
458,100006159,test
459,100006185,test
460,100006186,test
461,100006197,test
462,100006253,test
463,100006276,test
464,100006288,test
465,100006294,test
466,100006295,test
467,100006306,test
468,100006312,test
469,100006326,test
470,100006335,test
471,100006345,test
472,100006351,test
473,100006353,test
474,100006377,test
475,100006385,test
476,100006400,test
477,100006401,test
478,100006404,test
479,100006409,test
480,100006414,test
481,100006419,test
482,100006454,test
483,100006469,test
484,100006471,test
485,100006481,test
486,100006486,test
487,100006519,test
488,100006533,test
489,100006572,test
490,100006582,test
491,100006600,test
492,100006602,test
493,100006609,test
494,100006629,test
495,100006635,test
496,100006637,test
497,100006665,test
498,100006676,test
499,100006678,test
500,100006687,test
501,100006696,test
502,100006715,test
503,100006722,test
504,100006728,test
505,100006764,test
506,100006791,test
507,100006804,test
508,100006805,test
509,100006819,test
510,100006820,test
511,100006829,test
512,100006844,test
513,100007039,test
514,100007079,test
515,100007104,test
516,100007114,test
517,100007137,test
518,100007143,test
519,100007155,test
520,100007176,test
521,100007220,test
522,100007232,test
523,100007234,test
524,100007248,test
525,100007361,test
526,100007395,test
527,100007401,test
528,100007427,test
529,100007461,test
530,100007518,test
531,100007538,test
532,100007543,test
533,100007547,test
534,100007553,test
535,100007556,test
536,100007565,test
537,100007571,test
538,100007573,test
539,100007575,test
540,100007589,test
541,100007675,test
542,100007719,test
543,100007732,test
544,100007744,test
545,100007746,test
546,100007794,test
547,100007797,test
548,100007810,test
549,100007824,test
550,100007851,test
551,100007861,test
552,100007864,test
553,100007872,test
554,100007936,test
555,100007944,test
556,100007989,test
557,100007996,test
558,100008011,test
559,100008047,test
560,100008088,test
561,100008161,test
562,100008178,test
563,100008201,test
564,100008246,test
565,100008250,test
566,100008292,test
567,100008296,test
568,100008316,test
569,100008329,test
570,100008358,test
571,100008362,test
572,100008416,test
573,100008446,test
574,100008453,test
575,100008460,test
576,100008478,test
577,100008490,test
578,100008513,test
579,100008589,test
580,100008603,test
581,100008607,test
582,100008632,test
583,100008639,test
584,100008644,test
585,100008651,test
586,100008659,test
587,100008663,test
588,100008670,test
589,100008701,test
590,100008704,test
591,100008721,test
592,100008786,test
593,100008873,test
594,100008899,test
595,100008922,test
596,100008926,test
597,100008930,test
598,100008942,test
599,100008960,test
600,100008974,test
601,100008991,test
602,100009093,test
603,100009122,test
604,100009123,test
605,100009142,test
606,100009155,test
607,100009189,test
608,100009224,test
609,100009236,test
610,100009267,test
611,100009303,test
612,100009324,test
613,100009325,test
614,100009326,test
615,100009336,test
616,100009347,test
617,100009372,test
618,100009374,test
619,100009380,test
620,100009387,test
621,100009399,test
622,100009403,test
623,100009440,test
624,100009505,test
625,100009511,test
626,100009523,test
627,100009526,test
628,100009529,test
629,100009536,test
630,100009557,test
631,100009576,test
632,100009586,test
633,100009595,test
634,100009607,test
635,100009671,test
636,100009717,test
637,100009739,test
638,100009779,test
639,100009783,test
640,100009786,test
641,100009788,test
642,100009796,test
643,100009808,test
644,100009845,test
645,100009853,test
646,100009881,test
647,100009896,test
648,100009899,test
649,100009915,test
650,100009938,test
651,100009949,test
652,100009967,test
653,100009971,test
654,100010002,test
655,100010004,test
656,100010051,test
657,100010069,test
658,100010087,test
659,100010115,test
660,100010120,test
661,100010125,test
662,100010163,test
663,100010174,test
664,100010228,test
665,100010239,test
666,100010242,test
667,100010249,test
668,100010276,test
669,100010281,test
670,100010345,test
671,100010351,test
672,100010356,test
673,100010428,test
674,100010437,test
675,100010486,test
676,100010510,test
677,100010513,test
678,100010545,test
679,100010579,test
680,100010585,test
681,100010588,test
682,100010609,test
683,100010614,test
684,100010671,test
685,100010724,test
686,100010744,test
687,100010762,test
688,100010781,test
689,100010802,test
690,100010822,test
691,100010833,test
692,100010852,test
693,100010853,test
694,100010866,test
695,100010935,test
696,100010940,test
697,100010944,test
698,100010952,test
699,100010955,test
700,100010965,test
701,100010984,test
702,100010992,test
703,100011026,test
704,100011037,test
705,100011038,test
706,100011058,test
707,100011091,test
708,100011115,test
709,100011145,test
710,100011149,test
711,100011152,test
712,100011153,test
713,100011157,test
714,100011171,test
715,100011176,test
716,100011184,test
717,100011243,test
718,100011252,test
719,100011278,test
720,100011281,test
721,100011282,test
722,100011286,test
723,100011317,test
724,100011327,test
725,100011334,test
726,100011339,test
727,100011361,test
728,100011374,test
729,100011389,test
730,100011390,test
731,100011393,test
732,100011431,test
733,100011453,test
734,100011472,test
735,100011480,test
736,100011497,test
737,100011606,test
738,100011610,test
739,100011615,test
740,100011622,test
741,100011634,test
742,100011635,test
743,100011685,test
744,100011696,test
745,100011707,test
746,100011752,test
747,100011764,test
748,100011791,test
749,100011827,test
750,100011829,test
751,100011887,test
752,100011889,test
753,100011934,test
754,100011997,test
755,100012018,test
756,100012047,test
757,100012048,test
758,100012070,test
759,100012073,test
760,100012078,test
761,100012163,test
762,100012170,test
763,100012174,test
764,100012208,test
765,100012238,test
766,100012274,test
767,100012320,test
768,100012324,test
769,100012331,test
770,100012414,test
771,100012429,test
772,100012456,test
773,100012459,test
774,100012461,test
775,100012516,test
776,100012521,test
777,100012546,test
778,100012647,test
779,100012649,test
780,100012678,test
781,100012708,test
782,100012727,test
783,100012752,test
784,100012765,test
785,100012786,test
786,100012818,test
787,100012825,test
788,100012828,test
789,100013098,test
790,100013099,test
791,100013108,test
792,100013155,test
793,100013218,test
794,100013247,test
795,100013292,test
796,100013302,test
797,100013306,test
798,100013322,test
799,100013374,test
800,100013428,test
801,100013479,test
802,100013531,test
803,100013535,test
804,100013541,test
805,100013559,test
806,100013637,test
807,100013655,test
808,100013700,test
809,100013727,test
810,100013732,test
811,100013757,test
812,100013823,test
813,100013917,test
814,100013930,test
815,100013933,test
816,100013952,test
817,100013977,test
818,100013982,test
819,100013983,test
820,100014001,test
821,100014007,test
822,100014009,test
823,100014013,test
824,100014015,test
825,100014017,test
826,100014020,test
827,100014045,test
828,100014088,test
829,100014089,test
830,100014151,test
831,100014207,test
832,100014234,test
833,100014282,test
834,100014331,test
835,100014354,test
836,100014468,test
837,100014488,test
838,100014490,test
839,100014590,test
840,100014627,test
841,100014669,test
842,100014766,test
843,100014836,test
844,100014852,test
845,100014859,test
846,100014875,test
847,100014911,test
848,100014919,test
849,100014942,test
850,100014958,test
851,100014975,test
852,100014985,test
853,100015075,test
854,100015102,test
855,100015202,test
856,100015206,test
857,100015211,test
858,100015226,test
859,100015231,test
860,100015283,test
861,100015416,test
862,100015551,test
863,100015582,test
864,100015596,test
865,100015634,test
866,100015675,test
867,100015679,test
868,100015682,test
869,100015823,test
870,100015852,test
871,100015883,test
872,100015913,test
873,100015967,test
874,100016023,test
875,100016094,test
876,100016154,test
877,100016223,test
878,100016276,test
879,100016279,test
880,100016285,test
881,100016286,test
882,100016324,test
883,100016329,test
884,100016367,test
885,100016428,test
886,100016453,test
887,100016459,test
888,100016480,test
889,100016498,test
890,100016500,test
891,100016559,test
892,100016591,test
893,100016659,test
894,100016731,test
895,100016732,test
896,100016735,test
897,100016748,test
898,100016825,test
899,100016834,test
900,100016888,test
901,100016909,test
902,100016958,test
903,100016980,test
904,100017028,test
905,100017049,test
906,100017070,test
907,100017086,test
908,100017090,test
909,100017219,test
910,100017220,test
911,100017227,test
912,100017237,test
913,100017306,test
914,100017337,test
915,100017399,test
916,100017481,test
917,100017485,test
918,100017491,test
919,100017553,test
920,100017584,test
921,100017646,test
922,100017650,test
923,100017659,test
924,100017684,test
925,100017686,test
926,100017728,test
927,100017736,test
928,100017755,test
929,100017758,test
930,100017788,test
931,100017814,test
932,100017824,test
933,100017876,test
934,100017966,test
935,100018002,test
936,100018110,test
937,100018116,test
938,100018164,test
939,100018235,test
940,100018267,test
941,100018298,test
942,100018361,test
943,100018366,test
944,100018368,test
945,100018428,test
946,100018507,test
947,100018543,test
948,100018574,test
949,100018611,test
950,100018647,test
951,100018650,test
952,100018669,test
953,100018677,test
954,100018720,test
955,100018730,test
956,100018776,test
957,100018784,test
958,100018855,test
959,100018858,test
960,100018913,test
961,100018918,test
962,100018938,test
963,100018941,test
964,100018947,test
965,100019037,test
966,100019073,test
967,100019079,test
968,100019107,test
969,100019133,test
970,100019183,test
971,100019208,test
972,100019231,test
973,100019258,test
974,100019273,test
975,100019298,test
976,100019346,test
977,100019388,test
978,100019394,test
979,100019401,test
980,100019431,test
981,100019510,test
982,100019536,test
983,100019541,test
984,100019552,test
985,100019560,test
986,100019692,test
987,100019711,test
988,100019741,test
989,100019748,test
990,100019763,test
991,100019764,test
992,100019775,test
993,100019831,test
994,100019910,test
995,100019944,test
996,100019968,test
997,100019987,test
998,100019993,test
999,100020007,test
1000,100020070,test
1001,100020138,test
1002,100020157,test
1003,100020188,test
1004,100020228,test
1005,100020405,test
1006,100020447,test
1007,100020448,test
1008,100020453,test
1009,100020476,test
1010,100020506,test
1011,100020512,test
1012,100020528,test
1013,100020567,test
1014,100020594,test
1015,100020599,test
1016,100020605,test
1017,100020649,test
1018,100020668,test
1019,100020688,test
1020,100020697,test
1021,100020706,test
1022,100020866,test
1023,100020877,test
1024,100020882,test
1025,100020890,test
1026,100020906,test
1027,100020908,test
1028,100020941,test
1029,100021004,test
1030,100021025,test
1031,100021044,test
1032,100021056,test
1033,100021188,test
1034,100021260,test
1035,100021263,test
1036,100021270,test
1037,100021338,test
1038,100021342,test
1039,100021353,test
1040,100021381,test
1041,100021385,test
1042,100021509,test
1043,100021519,test
1044,100021580,test
1045,100021643,test
1046,100021659,test
1047,100021675,test
1048,100021814,test
1049,100021831,test
1050,100021887,test
1051,100021895,test
1052,100021953,test
1053,100021989,test
1054,100022000,test
1055,100022019,test
1056,100022023,test
1057,100022057,test
1058,100022115,test
1059,100022137,test
1060,100022143,test
1061,100022207,test
1062,100022213,test
1063,100022326,test
1064,100022386,test
1065,100022401,test
1066,100022436,test
1067,100022437,test
1068,100022554,test
1069,100022597,test
1070,100022606,test
1071,100022634,test
1072,100022649,test
1073,100022689,test
1074,100022711,test
1075,100022845,test
1076,100022874,test
1077,100022884,test
1078,100022886,test
1079,100022902,test
1080,100022924,test
1081,100023002,test
1082,100023027,test
1083,100023048,test
1084,100023055,test
1085,100023074,test
1086,100023139,test
1087,100023166,test
1088,100023179,test
1089,100023238,test
1090,100023247,test
1091,100023271,test
1092,100023304,test
1093,100023354,test
1094,100023364,test
1095,100023371,test
1096,100023407,test
1097,100023438,test
1098,100023457,test
1099,100023511,test
1100,100023516,test
1101,100023528,test
1102,100023539,test
1103,100023540,test
1104,100023575,test
1105,100023592,test
1106,100023607,test
1107,100023758,test
1108,100023822,test
1109,100023870,test
1110,100023879,test
1111,100023883,test
1112,100023919,test
1113,100023941,test
1114,100024039,test
1115,100024089,test
1116,100024204,test
1117,100024311,test
1118,100024318,test
1119,100024339,test
1120,100024341,test
1121,100024407,test
1122,100024430,test
1123,100024439,test
1124,100024463,test
1125,100024464,test
1126,100024476,test
1127,100024516,test
1128,100024572,test
1129,100024598,test
1130,100024677,test
1131,100024786,test
1132,100024942,test
1133,100024944,test
1134,100024966,test
1135,100024968,test
1136,100025007,test
1137,100025019,test
1138,100025219,test
1139,100025242,test
1140,100025258,test
1141,100025272,test
1142,100025273,test
1143,100025279,test
1144,100025293,test
1145,100025399,test
1146,100025421,test
1147,100025584,test
1148,100025702,test
1149,100025758,test
1150,100025873,test
1151,100025935,test
1152,100025945,test
1153,100025963,test
1154,100026118,test
1155,100026251,test
1156,100026292,test
1157,100026396,test
1158,100026402,test
1159,100026445,test
1160,100026605,test
1161,100026754,test
1162,100026791,test
1163,100026870,test
1164,100026880,test
1165,100026954,test
1166,100027068,test
1167,100027322,test
1168,100027373,test
1169,100027544,test
1170,100027569,test
1171,100027571,test
1172,100027608,test
1173,100027686,test
1174,100027831,test
1175,100027840,test
1176,100027982,test
1177,100028005,test
1178,100028007,test
1179,100028042,test
1180,100028043,test
1181,100028053,test
1182,100028062,test
1183,100028068,test
1184,100028077,test
1185,100028079,test
1186,100028084,test
1187,100028085,test
1188,100028089,test
1189,100028103,test
1190,100028129,test
1191,100028130,test
1192,100028131,test
1193,100028174,test
1194,100028188,test
1195,100028191,test
1196,100028234,test
1197,100028253,test
1198,100028297,test
1199,100028332,test
1200,100028336,test
1201,100028418,test
1202,100028426,test
1203,100028485,test
1204,100028495,test
1205,100028497,test
1206,100028599,test
1207,100028601,test
1208,100028652,test
1209,100028781,test
1210,100028863,test
1211,100028868,test
1212,100028919,test
1213,100028939,test
1214,100028950,test
1215,100029073,test
1216,100029234,test
1217,100029308,test
1218,100029366,test
1219,100029422,test
1220,100029455,test
1221,100029502,test
1222,100029742,test
1223,100030046,test
1224,100030078,test
1225,100030176,test
1226,100030201,test
1227,100030210,test
1228,100030211,test
1229,100030217,test
1230,100030258,test
1231,100030270,test
1232,100030311,test
1233,100030373,test
1234,100030501,test
1235,100030523,test
1236,100030644,test
1237,100030740,test
1238,100030746,test
1239,100030956,test
1240,100031012,test
1241,100031064,test
1242,100031374,test
1243,100031627,test
1244,100031710,test
1245,100031955,test
1246,100031956,test
1247,100031980,test
1248,100032046,test
1249,100032066,test
1250,100032162,test
1251,100032165,test
1252,100032302,test
1253,100032314,test
1254,100032417,test
1255,100032474,test
1256,100032578,test
1257,100032579,test
1258,100032793,test
1259,100032799,test
1260,100032849,test
1261,100032943,test
1262,100033020,test
1263,100033125,test
1264,100033286,test
1265,100033384,test
1266,100033420,test
1267,100033433,test
1268,100033558,test
1269,100033637,test
1270,100033667,test
1271,100033792,test
1272,100033826,test
1273,100033854,test
1274,100033900,test
1275,100033976,test
1276,100034255,test
1277,100034423,test
1278,100034532,test
1279,100034589,test
1280,100034705,test
1281,100034762,test
1282,100034904,test
1283,100035008,test
1284,100035037,test
1285,100035090,test
1286,100035125,test
1287,100035365,test
1288,100035458,test
1289,100035488,test
1290,100035499,test
1291,100035570,test
1292,100035578,test
1293,100035585,test
1294,100035721,test
1295,100035753,test
1296,100035768,test
1297,100036018,test
1298,100036125,test
1299,100036140,test
1300,100036159,test
1301,100036200,test
1302,100036285,test
1303,100036287,test
1304,100036330,test
1305,100036331,test
1306,100036903,test
1307,100036992,test
1308,100037012,test
1309,100037107,test
1310,100037110,test
1311,100037121,test
1312,100037234,test
1313,100037327,test
1314,100037411,test
1315,100037463,test
1316,100037484,test
1317,100037518,test
1318,100037530,test
1319,100037640,test
1320,100037690,test
1321,100037788,test
1322,100037993,test
1323,100038045,test
1324,100038150,test
1325,100038192,test
1326,100038209,test
1327,100038214,test
1328,100038264,test
1329,100038317,test
1330,100038348,test
1331,100038375,test
1332,100038395,test
1333,100038432,test
1334,100038453,test
1335,100038479,test
1336,100038598,test
1337,100038688,test
1338,100038706,test
1339,100038835,test
1340,100038888,test
1341,100038942,test
1342,100039194,test
1343,100039275,test
1344,100039488,test
1345,100039499,test
1346,100039531,test
1347,100039569,test
1348,100039612,test
1349,100039638,test
1350,100039646,test
1351,100039681,test
1352,100039890,test
1353,100040019,test
1354,100040228,test
1355,100040295,test
1356,100040388,test
1357,100040416,test
1358,100040489,test
1359,100040567,test
1360,100040839,test
1361,100040868,test
1362,100040874,test
1363,100040911,test
1364,100040924,test
1365,100041098,test
1366,100041122,test
1367,100041404,test
1368,100041730,test
1369,100041737,test
1370,100041912,test
1371,100041981,test
1372,100042096,test
1373,100042218,test
1374,100042321,test
1375,100042334,test
1376,100042339,test
1377,100042347,test
1378,100042515,test
1379,100042544,test
1380,100042654,test
1381,100042754,test
1382,100042768,test
1383,100042785,test
1384,100042866,test
1385,100042902,test
1386,100042910,test
1387,100042968,test
1388,100043111,test
1389,100043161,test
1390,100043445,test
1391,100043446,test
1392,100043449,test
1393,100043454,test
1394,100043501,test
1395,100043525,test
1396,100043538,test
1397,100043710,test
1398,100043714,test
1399,100043812,test
1400,100043921,test
1401,100044039,test
1402,100044067,test
1403,100044085,test
1404,100044188,test
1405,100044456,test
1406,100044470,test
1407,100044511,test
1408,100044726,test
1409,100044730,test
1410,100044836,test
1411,100044862,test
1412,100044890,test
1413,100044999,test
1414,100045167,test
1415,100045196,test
1416,100045241,test
1417,100045300,test
1418,100045427,test
1419,100045456,test
1420,100045649,test
1421,100045832,test
1422,100045855,test
1423,100045876,test
1424,100045954,test
1425,100046075,test
1426,100046181,test
1427,100046447,test
1428,100046656,test
1429,100046664,test
1430,100046713,test
1431,100046727,test
1432,100046785,test
1433,100047083,test
1434,100047304,test
1435,100047350,test
1436,100047387,test
1437,100047404,test
1438,100047447,test
1439,100047589,test
1440,100047666,test
1441,100047683,test
1442,100047755,test
1443,100047796,test
1444,100047816,test
1445,100047850,test
1446,100047972,test
1447,100048051,test
1448,100048201,test
1449,100048287,test
1450,100048415,test
1451,100048617,test
1452,100048641,test
1453,100048663,test
1454,100048743,test
1455,100049046,test
1456,100049091,test
1457,100049224,test
1458,100049251,test
1459,100049303,test
1460,100049318,test
1461,100049346,test
1462,100049482,test
1463,100049561,test
1464,100049635,test
1465,100049706,test
1466,100049856,test
1467,100049923,test
1468,100049940,test
1469,100050121,test
1470,100050233,test
1471,100050482,test
1472,100050580,test
1473,100050665,test
1474,100050731,test
1475,100050751,test
1476,100050775,test
1477,100050824,test
1478,100050851,test
1479,100050936,test
1480,100051084,test
1481,100051225,test
1482,100051764,test
1483,100051823,test
1484,100051844,test
1485,100051927,test
1486,100051995,test
1487,100052108,test
1488,100052146,test
1489,100052151,test
1490,100052165,test
1491,100052257,test
1492,100052546,test
1493,100052728,test
1494,100052807,test
1495,100052973,test
1496,100052980,test
1497,100052991,test
1498,100053011,test
1499,100053013,test
1500,100053063,test
1501,100053066,test
1502,100053235,test
1503,100053375,test
1504,100053431,test
1505,100053433,test
1506,100053511,test
1507,100053947,test
1508,100054195,test
1509,100054522,test
1510,100054591,test
1511,100054733,test
1512,100054878,test
1513,100054909,test
1514,100054937,test
1515,100055171,test
1516,100055272,test
1517,100055283,test
1518,100055293,test
1519,100055440,test
1520,100055727,test
1521,100055801,test
1522,100055984,test
1523,100055995,test
1524,100056086,test
1525,100056148,test
1526,100056398,test
1527,100056484,test
1528,100056533,test
1529,100056604,test
1530,100056667,test
1531,100056726,test
1532,100056900,test
1533,100056917,test
1534,100056926,test
1535,100057102,test
1536,100057156,test
1537,100057320,test
1538,100057401,test
1539,100057426,test
1540,100057565,test
1541,100057578,test
1542,100057602,test
1543,100057655,test
1544,100057878,test
1545,100057879,test
1546,100057886,test
1547,100058234,test
1548,100058560,test
1549,100058568,test
1550,100058646,test
1551,100058880,test
1552,100058892,test
1553,100059280,test
1554,100059284,test
1555,100059337,test
1556,100059376,test
1557,100059546,test
1558,100059640,test
1559,100059904,test
1560,100059949,test
1561,100060148,test
1562,100060176,test
1563,100060198,test
1564,100060517,test
1565,100060577,test
1566,100060717,test
1567,100061084,test
1568,100061806,test
1569,100062215,test
1570,100062292,test
1571,100062629,test
1572,100062654,test
1573,100062911,test
1574,100062984,test
1575,100063065,test
1576,100063244,test
1577,100063340,test
1578,100063626,test
1579,100063773,test
1580,100063893,test
1581,100064040,test
1582,100064562,test
1583,100064670,test
1584,100064727,test
1585,100064801,test
1586,100065039,test
1587,100065078,test
1588,100065799,test
1589,100065818,test
1590,100065994,test
1591,100066105,test
1592,100066240,test
1593,100066241,test
1594,100066350,test
1595,100066455,test
1596,100066480,test
1597,100066627,test
1598,100066742,test
1599,100066921,test
1600,100066960,test
1601,100067158,test
1602,100067591,test
1603,100068247,test
1604,100068922,test
1605,100070109,test
1606,100070529,test
1607,100070994,test
1608,100071082,test
1609,100071187,test
1610,100071238,test
1611,100071515,test
1612,100072206,test
1613,100072660,test
1614,100072799,test
1615,100073407,test
1616,100073516,test
1617,100073557,test
1618,100073681,test
1619,100073846,test
1620,100082942,test
1621,100082981,test
1622,100083494,test
1623,100085890,test
1624,100089805,test
1625,100090503,test
1626,100092093,test
1627,100095331,test
1628,100097373,test
1629,100097588,test
1630,100098506,test
1631,100099014,test
1632,100100907,test
1633,100101364,test
1634,100102454,test
1635,100102879,test
1636,100103041,test
1637,100103085,test
1638,100103457,test
1639,100105224,test
1640,100106974,test
1641,100107124,test
1642,100107522,test
1643,100107693,test
1644,100107935,test
1645,100108463,test
1646,100110134,test
1647,100110258,test
1648,100110496,test
1649,100114928,test
1650,100116209,test
1651,100116609,test
1652,100118676,test
1653,100118715,test
1654,100118974,test
1655,100119731,test
1656,100119896,test
1657,100121980,test
1658,100122565,test
1659,100122575,test
1660,100122604,test
1661,100123171,test
1662,100123317,test
1663,100124324,test
1664,100125693,test
1665,100125743,test
1666,100127394,test
1667,100127503,test
1668,100130236,test
1669,100134578,test
1670,100134595,test
1671,100135444,test
1672,100135568,test
1673,100136881,test
1674,100138233,test
1675,500000017,test
1676,500000026,test
1677,500000043,test
1678,500000044,test
1679,500000047,test
1680,500000050,test
1681,500000055,test
1682,500000057,test
1683,500000060,test
1684,500000062,test
1685,500000067,test
1686,500000077,test
1687,500000098,test
1688,500000102,test
1689,500000109,test
1690,500000110,test
1691,500000115,test
1692,500000117,test
1693,500000121,test
1694,500000132,test
1695,500000137,test
1696,500000140,test
1697,500000141,test
1698,500000146,test
1699,500000154,test
1700,500000161,test
1701,500000199,test
1702,500000205,test
1703,500000213,test
1704,500000265,test
1705,500000272,test
1706,500000277,test
1707,500000295,test
1708,500000333,test
1709,500000335,test
1710,500000346,test
1711,500000348,test
1712,500000350,test
1713,500000351,test
1714,500000355,test
1715,500000357,test
1716,500000361,test
1717,500000368,test
1718,500000377,test
1719,500000380,test
1720,500000382,test
1721,500000387,test
1722,500000389,test
1723,500000410,test
1724,500000419,test
1725,500000423,test
1726,500000426,test
1727,500000435,test
1728,500000437,test
1729,500000439,test
1730,500000467,test
1731,500000468,test
1732,500000470,test
1733,500000471,test
1734,500000473,test
1735,500000475,test
1736,500000491,test
1737,500000500,test
1738,500000505,test
1739,500000515,test
1740,500000516,test
1741,500000560,test
1742,500000568,test
1743,500000569,test
1744,500000580,test
1745,500000583,test
1746,500000588,test
1747,500000597,test
1748,500000598,test
1749,500000604,test
1750,500000606,test
1751,500000616,test
1752,500000623,test
1753,500000638,test
1754,500000650,test
1755,500000659,test
1756,500000675,test
1757,500000679,test
1758,500000683,test
1759,500000684,test
1760,500000692,test
1761,500000700,test
1762,500000709,test
1763,500000757,test
1764,500000774,test
1765,500000791,test
1766,500000800,test
1767,500000803,test
1768,500000805,test
1769,500000821,test
1770,500000840,test
1771,500000846,test
1772,500000851,test
1773,500000856,test
1774,500000868,test
1775,500000882,test
1776,500000891,test
1777,500000899,test
1778,500000910,test
1779,500000923,test
1780,500000939,test
1781,500000944,test
1782,500000956,test
1783,500000957,test
1784,500000959,test
1785,500000962,test
1786,500000965,test
1787,500000966,test
1788,500001005,test
1789,500001020,test
1790,500001023,test
1791,500001029,test
1792,500001049,test
1793,500001064,test
1794,500001067,test
1795,500001083,test
1796,500001088,test
1797,500001098,test
1798,500001113,test
1799,500001136,test
1800,500001137,test
1801,500001153,test
1802,500001166,test
1803,500001167,test
1804,500001169,test
1805,500001174,test
1806,500001204,test
1807,500001212,test
1808,500001249,test
1809,500001251,test
1810,500001267,test
1811,500001276,test
1812,500001280,test
1813,500001289,test
1814,500001293,test
1815,500001297,test
1816,500001311,test
1817,500001317,test
1818,500001320,test
1819,500001338,test
1820,500001352,test
1821,500001358,test
1822,500001360,test
1823,500001361,test
1824,500001399,test
1825,500001402,test
1826,500001413,test
1827,500001428,test
1828,500001436,test
1829,500001445,test
1830,500001447,test
1831,500001455,test
1832,500001462,test
1833,500001469,test
1834,500001478,test
1835,500001488,test
1836,500001496,test
1837,500001498,test
1838,500001506,test
1839,500001519,test
1840,500001529,test
1841,500001536,test
1842,500001546,test
1843,500001564,test
1844,500001578,test
1845,500001579,test
1846,500001600,test
1847,500001601,test
1848,500001613,test
1849,500001618,test
1850,500001653,test
1851,500001657,test
1852,500001659,test
1853,500001672,test
1854,500001673,test
1855,500001703,test
1856,500001707,test
1857,500001718,test
1858,500001719,test
1859,500001720,test
1860,500001724,test
1861,500001737,test
1862,500001740,test
1863,500001742,test
1864,500001748,test
1865,500001750,test
1866,500001756,test
1867,500001762,test
1868,500001779,test
1869,500001804,test
1870,500001821,test
1871,500001824,test
1872,500001830,test
1873,500001838,test
1874,500001843,test
1875,500001857,test
1876,500001859,test
1877,500001864,test
1878,500001888,test
1879,500001890,test
1880,500001897,test
1881,500001902,test
1882,500001920,test
1883,500001923,test
1884,500001933,test
1885,500001934,test
1886,500001971,test
1887,500001974,test
1888,500001976,test
1889,500002000,test
1890,500002007,test
1891,500002028,test
1892,500002029,test
1893,500002031,test
1894,500002042,test
1895,500002043,test
1896,500002050,test
1897,500002059,test
1898,500002064,test
1899,500002067,test
1900,500002072,test
1901,500002081,test
1902,500002088,test
1903,500002091,test
1904,500002094,test
1905,500002103,test
1906,500002104,test
1907,500002108,test
1908,500002109,test
1909,500002124,test
1910,500002128,test
1911,500002132,test
1912,500002149,test
1913,500002157,test
1914,500002168,test
1915,500002171,test
1916,500002183,test
1917,500002191,test
1918,500002205,test
1919,500002223,test
1920,500002236,test
1921,500002237,test
1922,500002242,test
1923,500002249,test
1924,500002251,test
1925,500002269,test
1926,500002271,test
1927,500002288,test
1928,500002291,test
1929,500002298,test
1930,500002307,test
1931,500002316,test
1932,500002363,test
1933,500002366,test
1934,500002372,test
1935,500002378,test
1936,500002385,test
1937,500002397,test
1938,500002410,test
1939,500002426,test
1940,500002431,test
1941,500002436,test
1942,500002479,test
1943,500002493,test
1944,500002495,test
1945,500002496,test
1946,500002505,test
1947,500002511,test
1948,500002514,test
1949,500002520,test
1950,500002521,test
1951,500002548,test
1952,500002552,test
1953,500002598,test
1954,500002600,test
1955,500002617,test
1956,500002628,test
1957,500002638,test
1958,500002639,test
1959,500002665,test
1960,500002670,test
1961,500002696,test
1962,500002716,test
1963,500002723,test
1964,500002735,test
1965,500002760,test
1966,500002766,test
1967,500002768,test
1968,500002770,test
1969,500002801,test
1970,500002811,test
1971,500002812,test
1972,500002817,test
1973,500002822,test
1974,500002827,test
1975,500002838,test
1976,500002844,test
1977,500002860,test
1978,500002863,test
1979,500002897,test
1980,500002900,test
1981,500002903,test
1982,500002916,test
1983,500002922,test
1984,500002929,test
1985,500002931,test
1986,500002940,test
1987,500002960,test
1988,500002980,test
1989,500002991,test
1990,500003003,test
1991,500003006,test
1992,500003007,test
1993,500003020,test
1994,500003022,test
1995,500003030,test
1996,500003031,test
1997,500003033,test
1998,500003042,test
1999,500003053,test
2000,500003096,test
2001,500003098,test
2002,500003119,test
2003,500003134,test
2004,500003140,test
2005,500003141,test
2006,500003155,test
2007,500003163,test
2008,500003189,test
2009,500003195,test
2010,500003199,test
2011,500003208,test
2012,500003221,test
2013,500003228,test
2014,500003257,test
2015,500003264,test
2016,500003266,test
2017,500003267,test
2018,500003272,test
2019,500003289,test
2020,500003290,test
2021,500003296,test
2022,500003297,test
2023,500003303,test
2024,500003306,test
2025,500003315,test
2026,500003319,test
2027,500003327,test
2028,500003370,test
2029,500003394,test
2030,500003400,test
2031,500003401,test
2032,500003402,test
2033,500003404,test
2034,500003408,test
2035,500003411,test
2036,500003424,test
2037,500003427,test
2038,500003432,test
2039,500003433,test
2040,500003458,test
2041,500003460,test
2042,500003472,test
2043,500003484,test
2044,500003498,test
2045,500003531,test
2046,500003549,test
2047,500003578,test
2048,500003584,test
2049,500003598,test
2050,500003602,test
2051,500003613,test
2052,500003643,test
2053,500003645,test
2054,500003659,test
2055,500003660,test
2056,500003676,test
2057,500003678,test
2058,500003681,test
2059,500003697,test
2060,500003699,test
2061,500003802,test
2062,500003814,test
2063,500003820,test
2064,500003832,test
2065,500003833,test
2066,500003853,test
2067,500003872,test
2068,500003885,test
2069,500003888,test
2070,500003894,test
2071,500003898,test
2072,500003911,test
2073,500003920,test
2074,500003925,test
2075,500003931,test
2076,500003981,test
2077,500003992,test
2078,500003998,test
2079,500004004,test
2080,500004011,test
2081,500004015,test
2082,500004018,test
2083,500004027,test
2084,500004029,test
2085,500004031,test
2086,500004040,test
2087,500004042,test
2088,500004058,test
2089,500004061,test
2090,500004062,test
2091,500004063,test
2092,500004064,test
2093,500004072,test
2094,500006013,test
2095,500006042,test
2096,500006061,test
2097,500012317,test
2098,500012319,test
2099,500012358,test
2100,500012384,test
2101,500012387,test
2102,500012405,test
2103,500012413,test
2104,500012470,test
2105,500012480,test
2106,500012481,test
2107,500012493,test
2108,500012506,test
2109,500012512,test
2110,500012535,test
2111,500012673,test
2112,500012674,test
2113,500012825,test
2114,500012862,test
2115,500012902,test
2116,500012920,test
2117,500013002,test
0,100028177,validation
1,100031307,validation
2,100035307,validation
3,100036709,validation
4,100037046,validation
5,100037627,validation
6,100038560,validation
7,100038959,validation
8,100039830,validation
9,100040194,validation
10,100040685,validation
11,100044590,validation
12,100045018,validation
13,100045626,validation
14,100045664,validation
15,100047856,validation
16,100048768,validation
17,100048866,validation
18,100051191,validation
19,100052183,validation
20,100052781,validation
21,100053452,validation
22,100053760,validation
23,100057464,validation
24,100059186,validation
25,100059990,validation
26,100060770,validation
27,100065441,validation
28,500003654,validation
29,500003666,validation
30,500003672,validation
31,500003738,validation
32,500003740,validation
33,500003742,validation
34,500003748,validation
35,500003755,validation
36,500003817,validation
37,500003828,validation
38,500003835,validation
39,500012765,validation
40,500012787,validation
41,100000011,validation
42,100000019,validation
43,100000020,validation
44,100000027,validation
45,100000028,validation
46,100000054,validation
47,100000058,validation
48,100000075,validation
49,100000080,validation
50,100000083,validation
51,100000106,validation
52,100000116,validation
53,100000120,validation
54,100000121,validation
55,100000130,validation
56,100000146,validation
57,100000154,validation
58,100000174,validation
59,100000181,validation
60,100000183,validation
61,100000187,validation
62,100000191,validation
63,100000192,validation
64,100000194,validation
65,100000201,validation
66,100000221,validation
67,100000227,validation
68,100000258,validation
69,100000259,validation
70,100000282,validation
71,100000292,validation
72,100000303,validation
73,100000313,validation
74,100000315,validation
75,100000328,validation
76,100000330,validation
77,100000343,validation
78,100000344,validation
79,100000358,validation
80,100000363,validation
81,100000382,validation
82,100000383,validation
83,100000401,validation
84,100000419,validation
85,100000434,validation
86,100000436,validation
87,100000454,validation
88,100000463,validation
89,100000467,validation
90,100000484,validation
91,100000486,validation
92,100000503,validation
93,100000509,validation
94,100000523,validation
95,100000525,validation
96,100000529,validation
97,100000531,validation
98,100000533,validation
99,100000543,validation
100,100000552,validation
101,100000576,validation
102,100000577,validation
103,100000604,validation
104,100000606,validation
105,100000612,validation
106,100000626,validation
107,100000657,validation
108,100000666,validation
109,100000667,validation
110,100000670,validation
111,100000674,validation
112,100000677,validation
113,100000687,validation
114,100000702,validation
115,100000709,validation
116,100000718,validation
117,100000724,validation
118,100000738,validation
119,100000760,validation
120,100000761,validation
121,100000777,validation
122,100000800,validation
123,100000823,validation
124,100000826,validation
125,100000833,validation
126,100000844,validation
127,100000870,validation
128,100000872,validation
129,100000873,validation
130,100000875,validation
131,100000895,validation
132,100000896,validation
133,100000898,validation
134,100000905,validation
135,100000915,validation
136,100000926,validation
137,100000932,validation
138,100000935,validation
139,100000943,validation
140,100000956,validation
141,100001003,validation
142,100001021,validation
143,100001029,validation
144,100001045,validation
145,100001068,validation
146,100001071,validation
147,100001073,validation
148,100001079,validation
149,100001087,validation
150,100001090,validation
151,100001091,validation
152,100001092,validation
153,100001105,validation
154,100001118,validation
155,100001121,validation
156,100001124,validation
157,100001142,validation
158,100001143,validation
159,100001153,validation
160,100001159,validation
161,100001165,validation
162,100001169,validation
163,100001173,validation
164,100001176,validation
165,100001178,validation
166,100001202,validation
167,100001208,validation
168,100001210,validation
169,100002411,validation
170,100002424,validation
171,100002425,validation
172,100002429,validation
173,100002453,validation
174,100002466,validation
175,100002575,validation
176,100002592,validation
177,100002633,validation
178,100002645,validation
179,100002648,validation
180,100002658,validation
181,100002668,validation
182,100002675,validation
183,100002684,validation
184,100002705,validation
185,100002786,validation
186,100002789,validation
187,100002808,validation
188,100002855,validation
189,100002887,validation
190,100002895,validation
191,100002897,validation
192,100002921,validation
193,100002924,validation
194,100002943,validation
195,100002981,validation
196,100002995,validation
197,100003010,validation
198,100003053,validation
199,100003066,validation
200,100003110,validation
201,100003169,validation
202,100003185,validation
203,100003189,validation
204,100003192,validation
205,100003240,validation
206,100003251,validation
207,100003254,validation
208,100003261,validation
209,100003356,validation
210,100003357,validation
211,100003358,validation
212,100003362,validation
213,100003386,validation
214,100003406,validation
215,100003409,validation
216,100003423,validation
217,100003424,validation
218,100003425,validation
219,100003443,validation
220,100003450,validation
221,100003452,validation
222,100003456,validation
223,100003480,validation
224,100003484,validation
225,100003485,validation
226,100003506,validation
227,100003513,validation
228,100003514,validation
229,100003515,validation
230,100003547,validation
231,100003574,validation
232,100003592,validation
233,100003602,validation
234,100003626,validation
235,100003642,validation
236,100003698,validation
237,100003731,validation
238,100003765,validation
239,100003768,validation
240,100003794,validation
241,100003798,validation
242,100003818,validation
243,100003820,validation
244,100003823,validation
245,100003824,validation
246,100003825,validation
247,100003826,validation
248,100003827,validation
249,100003846,validation
250,100003886,validation
251,100003908,validation
252,100003909,validation
253,100003911,validation
254,100003912,validation
255,100003915,validation
256,100003918,validation
257,100003953,validation
258,100003959,validation
259,100003960,validation
260,100003965,validation
261,100003971,validation
262,100003995,validation
263,100004010,validation
264,100004013,validation
265,100004036,validation
266,100004038,validation
267,100004041,validation
268,100004042,validation
269,100004044,validation
270,100004051,validation
271,100004056,validation
272,100004064,validation
273,100004065,validation
274,100004072,validation
275,100004078,validation
276,100004080,validation
277,100004081,validation
278,100004097,validation
279,100004098,validation
280,100004122,validation
281,100004133,validation
282,100004137,validation
283,100004145,validation
284,100004146,validation
285,100004147,validation
286,100004151,validation
287,100004164,validation
288,100004176,validation
289,100004190,validation
290,100004197,validation
291,100004202,validation
292,100004246,validation
293,100004253,validation
294,100004254,validation
295,100004260,validation
296,100004295,validation
297,100004314,validation
298,100004336,validation
299,100004343,validation
300,100004347,validation
301,100004356,validation
302,100004360,validation
303,100004363,validation
304,100004370,validation
305,100004379,validation
306,100004404,validation
307,100004440,validation
308,100004455,validation
309,100004476,validation
310,100004480,validation
311,100004510,validation
312,100004512,validation
313,100004518,validation
314,100004520,validation
315,100004553,validation
316,100004563,validation
317,100004564,validation
318,100004570,validation
319,100004634,validation
320,100004646,validation
321,100004647,validation
322,100004650,validation
323,100004651,validation
324,100004652,validation
325,100004658,validation
326,100004660,validation
327,100004709,validation
328,100004715,validation
329,100004717,validation
330,100004718,validation
331,100004728,validation
332,100004730,validation
333,100004731,validation
334,100004748,validation
335,100004749,validation
336,100004757,validation
337,100004766,validation
338,100004782,validation
339,100004784,validation
340,100004791,validation
341,100004792,validation
342,100004799,validation
343,100004843,validation
344,100004862,validation
345,100004903,validation
346,100004926,validation
347,100004929,validation
348,100004935,validation
349,100004958,validation
350,100004963,validation
351,100004975,validation
352,100004995,validation
353,100004998,validation
354,100004999,validation
355,100005001,validation
356,100005010,validation
357,100005014,validation
358,100005019,validation
359,100005033,validation
360,100005046,validation
361,100005048,validation
362,100005072,validation
363,100005076,validation
364,100005078,validation
365,100005085,validation
366,100005134,validation
367,100005138,validation
368,100005143,validation
369,100005163,validation
370,100005184,validation
371,100005185,validation
372,100005189,validation
373,100005192,validation
374,100005193,validation
375,100005194,validation
376,100005195,validation
377,100005208,validation
378,100005212,validation
379,100005217,validation
380,100005220,validation
381,100005236,validation
382,100005266,validation
383,100005306,validation
384,100005312,validation
385,100005316,validation
386,100005332,validation
387,100005345,validation
388,100005348,validation
389,100005351,validation
390,100005358,validation
391,100005404,validation
392,100005417,validation
393,100005418,validation
394,100005442,validation
395,100005449,validation
396,100005451,validation
397,100005469,validation
398,100005490,validation
399,100005524,validation
400,100005531,validation
401,100005539,validation
402,100005543,validation
403,100005588,validation
404,100005596,validation
405,100005600,validation
406,100005604,validation
407,100005605,validation
408,100005611,validation
409,100005625,validation
410,100005631,validation
411,100005633,validation
412,100005635,validation
413,100005644,validation
414,100005645,validation
415,100005646,validation
416,100005657,validation
417,100005666,validation
418,100005678,validation
419,100005682,validation
420,100005690,validation
421,100005701,validation
422,100005721,validation
423,100005723,validation
424,100005726,validation
425,100005727,validation
426,100005749,validation
427,100005753,validation
428,100005768,validation
429,100005772,validation
430,100005801,validation
431,100005808,validation
432,100005815,validation
433,100005831,validation
434,100005832,validation
435,100005835,validation
436,100005852,validation
437,100005861,validation
438,100005876,validation
439,100005880,validation
440,100005883,validation
441,100005890,validation
442,100005895,validation
443,100005897,validation
444,100005899,validation
445,100005901,validation
446,100005916,validation
447,100005917,validation
448,100005924,validation
449,100005933,validation
450,100005935,validation
451,100005939,validation
452,100005945,validation
453,100005949,validation
454,100005966,validation
455,100005973,validation
456,100005985,validation
457,100005995,validation
458,100006002,validation
459,100006008,validation
460,100006014,validation
461,100006021,validation
462,100006037,validation
463,100006041,validation
464,100006066,validation
465,100006067,validation
466,100006080,validation
467,100006081,validation
468,100006105,validation
469,100006123,validation
470,100006137,validation
471,100006154,validation
472,100006210,validation
473,100006213,validation
474,100006215,validation
475,100006233,validation
476,100006264,validation
477,100006290,validation
478,100006299,validation
479,100006300,validation
480,100006354,validation
481,100006361,validation
482,100006370,validation
483,100006378,validation
484,100006392,validation
485,100006413,validation
486,100006415,validation
487,100006420,validation
488,100006428,validation
489,100006442,validation
490,100006443,validation
491,100006453,validation
492,100006463,validation
493,100006467,validation
494,100006483,validation
495,100006487,validation
496,100006509,validation
497,100006516,validation
498,100006529,validation
499,100006537,validation
500,100006564,validation
501,100006565,validation
502,100006576,validation
503,100006581,validation
504,100006607,validation
505,100006625,validation
506,100006634,validation
507,100006652,validation
508,100006663,validation
509,100006669,validation
510,100006704,validation
511,100006705,validation
512,100006718,validation
513,100006720,validation
514,100006745,validation
515,100006766,validation
516,100006785,validation
517,100006808,validation
518,100006812,validation
519,100006813,validation
520,100006814,validation
521,100006821,validation
522,100006831,validation
523,100006838,validation
524,100006854,validation
525,100006856,validation
526,100006869,validation
527,100006870,validation
528,100006967,validation
529,100007017,validation
530,100007043,validation
531,100007045,validation
532,100007055,validation
533,100007076,validation
534,100007096,validation
535,100007125,validation
536,100007138,validation
537,100007154,validation
538,100007156,validation
539,100007180,validation
540,100007211,validation
541,100007215,validation
542,100007221,validation
543,100007238,validation
544,100007264,validation
545,100007268,validation
546,100007270,validation
547,100007312,validation
548,100007315,validation
549,100007437,validation
550,100007439,validation
551,100007443,validation
552,100007457,validation
553,100007466,validation
554,100007488,validation
555,100007516,validation
556,100007519,validation
557,100007526,validation
558,100007567,validation
559,100007577,validation
560,100007578,validation
561,100007579,validation
562,100007592,validation
563,100007638,validation
564,100007650,validation
565,100007665,validation
566,100007667,validation
567,100007717,validation
568,100007730,validation
569,100007775,validation
570,100007804,validation
571,100007942,validation
572,100007951,validation
573,100007957,validation
574,100007968,validation
575,100007986,validation
576,100007990,validation
577,100008022,validation
578,100008027,validation
579,100008033,validation
580,100008045,validation
581,100008046,validation
582,100008083,validation
583,100008120,validation
584,100008157,validation
585,100008159,validation
586,100008207,validation
587,100008241,validation
588,100008279,validation
589,100008318,validation
590,100008422,validation
591,100008423,validation
592,100008454,validation
593,100008504,validation
594,100008530,validation
595,100008605,validation
596,100008624,validation
597,100008673,validation
598,100008680,validation
599,100008700,validation
600,100008725,validation
601,100008726,validation
602,100008746,validation
603,100008759,validation
604,100008761,validation
605,100008763,validation
606,100008780,validation
607,100008804,validation
608,100008838,validation
609,100008840,validation
610,100008879,validation
611,100008940,validation
612,100008941,validation
613,100009022,validation
614,100009039,validation
615,100009042,validation
616,100009053,validation
617,100009064,validation
618,100009091,validation
619,100009107,validation
620,100009111,validation
621,100009128,validation
622,100009133,validation
623,100009135,validation
624,100009144,validation
625,100009176,validation
626,100009213,validation
627,100009233,validation
628,100009238,validation
629,100009250,validation
630,100009273,validation
631,100009285,validation
632,100009287,validation
633,100009304,validation
634,100009313,validation
635,100009315,validation
636,100009327,validation
637,100009333,validation
638,100009355,validation
639,100009373,validation
640,100009376,validation
641,100009402,validation
642,100009423,validation
643,100009514,validation
644,100009531,validation
645,100009542,validation
646,100009568,validation
647,100009597,validation
648,100009605,validation
649,100009640,validation
650,100009655,validation
651,100009702,validation
652,100009733,validation
653,100009748,validation
654,100009827,validation
655,100009846,validation
656,100009872,validation
657,100009877,validation
658,100009906,validation
659,100009988,validation
660,100009996,validation
661,100010014,validation
662,100010091,validation
663,100010105,validation
664,100010131,validation
665,100010141,validation
666,100010148,validation
667,100010151,validation
668,100010181,validation
669,100010197,validation
670,100010221,validation
671,100010246,validation
672,100010295,validation
673,100010341,validation
674,100010344,validation
675,100010359,validation
676,100010378,validation
677,100010456,validation
678,100010464,validation
679,100010482,validation
680,100010504,validation
681,100010530,validation
682,100010531,validation
683,100010534,validation
684,100010558,validation
685,100010580,validation
686,100010599,validation
687,100010602,validation
688,100010685,validation
689,100010795,validation
690,100010830,validation
691,100010841,validation
692,100010850,validation
693,100010951,validation
694,100010954,validation
695,100010971,validation
696,100010978,validation
697,100011090,validation
698,100011098,validation
699,100011105,validation
700,100011114,validation
701,100011188,validation
702,100011190,validation
703,100011222,validation
704,100011276,validation
705,100011355,validation
706,100011394,validation
707,100011458,validation
708,100011462,validation
709,100011476,validation
710,100011486,validation
711,100011487,validation
712,100011494,validation
713,100011506,validation
714,100011526,validation
715,100011539,validation
716,100011560,validation
717,100011614,validation
718,100011617,validation
719,100011619,validation
720,100011698,validation
721,100011706,validation
722,100011743,validation
723,100011755,validation
724,100011757,validation
725,100011786,validation
726,100011798,validation
727,100011809,validation
728,100011821,validation
729,100011854,validation
730,100011895,validation
731,100011911,validation
732,100011923,validation
733,100011929,validation
734,100011931,validation
735,100011937,validation
736,100011968,validation
737,100012002,validation
738,100012006,validation
739,100012019,validation
740,100012081,validation
741,100012104,validation
742,100012138,validation
743,100012149,validation
744,100012199,validation
745,100012209,validation
746,100012220,validation
747,100012258,validation
748,100012310,validation
749,100012314,validation
750,100012410,validation
751,100012433,validation
752,100012466,validation
753,100012468,validation
754,100012490,validation
755,100012531,validation
756,100012535,validation
757,100012539,validation
758,100012562,validation
759,100012619,validation
760,100012635,validation
761,100012645,validation
762,100012692,validation
763,100012722,validation
764,100012761,validation
765,100012772,validation
766,100012788,validation
767,100012805,validation
768,100012822,validation
769,100012888,validation
770,100012920,validation
771,100013097,validation
772,100013106,validation
773,100013111,validation
774,100013129,validation
775,100013141,validation
776,100013163,validation
777,100013177,validation
778,100013187,validation
779,100013199,validation
780,100013227,validation
781,100013239,validation
782,100013269,validation
783,100013293,validation
784,100013365,validation
785,100013390,validation
786,100013513,validation
787,100013643,validation
788,100013669,validation
789,100013683,validation
790,100013705,validation
791,100013710,validation
792,100013731,validation
793,100013742,validation
794,100013752,validation
795,100013771,validation
796,100013850,validation
797,100013852,validation
798,100013929,validation
799,100013938,validation
800,100013950,validation
801,100013951,validation
802,100013956,validation
803,100013967,validation
804,100013972,validation
805,100013989,validation
806,100013996,validation
807,100013998,validation
808,100014018,validation
809,100014022,validation
810,100014025,validation
811,100014095,validation
812,100014100,validation
813,100014106,validation
814,100014120,validation
815,100014154,validation
816,100014165,validation
817,100014197,validation
818,100014288,validation
819,100014355,validation
820,100014364,validation
821,100014408,validation
822,100014455,validation
823,100014465,validation
824,100014505,validation
825,100014517,validation
826,100014538,validation
827,100014543,validation
828,100014545,validation
829,100014556,validation
830,100014586,validation
831,100014606,validation
832,100014615,validation
833,100014618,validation
834,100014641,validation
835,100014653,validation
836,100014673,validation
837,100014707,validation
838,100014708,validation
839,100014719,validation
840,100014721,validation
841,100014749,validation
842,100014770,validation
843,100014784,validation
844,100014856,validation
845,100014861,validation
846,100014886,validation
847,100014918,validation
848,100014920,validation
849,100014984,validation
850,100014996,validation
851,100015012,validation
852,100015022,validation
853,100015065,validation
854,100015112,validation
855,100015223,validation
856,100015228,validation
857,100015229,validation
858,100015251,validation
859,100015274,validation
860,100015286,validation
861,100015321,validation
862,100015353,validation
863,100015380,validation
864,100015421,validation
865,100015427,validation
866,100015444,validation
867,100015489,validation
868,100015507,validation
869,100015511,validation
870,100015538,validation
871,100015567,validation
872,100015574,validation
873,100015585,validation
874,100015641,validation
875,100015650,validation
876,100015652,validation
877,100015653,validation
878,100015686,validation
879,100015781,validation
880,100015790,validation
881,100015862,validation
882,100015880,validation
883,100015884,validation
884,100015885,validation
885,100015888,validation
886,100015912,validation
887,100015957,validation
888,100016022,validation
889,100016063,validation
890,100016087,validation
891,100016152,validation
892,100016174,validation
893,100016193,validation
894,100016235,validation
895,100016238,validation
896,100016240,validation
897,100016293,validation
898,100016295,validation
899,100016363,validation
900,100016495,validation
901,100016532,validation
902,100016538,validation
903,100016541,validation
904,100016565,validation
905,100016602,validation
906,100016613,validation
907,100016640,validation
908,100016647,validation
909,100016674,validation
910,100016726,validation
911,100016784,validation
912,100016833,validation
913,100016911,validation
914,100016974,validation
915,100016975,validation
916,100017076,validation
917,100017096,validation
918,100017134,validation
919,100017137,validation
920,100017140,validation
921,100017191,validation
922,100017206,validation
923,100017292,validation
924,100017297,validation
925,100017320,validation
926,100017325,validation
927,100017381,validation
928,100017427,validation
929,100017476,validation
930,100017499,validation
931,100017522,validation
932,100017527,validation
933,100017528,validation
934,100017544,validation
935,100017545,validation
936,100017586,validation
937,100017587,validation
938,100017588,validation
939,100017589,validation
940,100017592,validation
941,100017597,validation
942,100017601,validation
943,100017630,validation
944,100017639,validation
945,100017652,validation
946,100017729,validation
947,100017735,validation
948,100017828,validation
949,100017843,validation
950,100017965,validation
951,100017967,validation
952,100018042,validation
953,100018087,validation
954,100018111,validation
955,100018132,validation
956,100018146,validation
957,100018162,validation
958,100018188,validation
959,100018202,validation
960,100018207,validation
961,100018233,validation
962,100018357,validation
963,100018497,validation
964,100018612,validation
965,100018624,validation
966,100018629,validation
967,100018630,validation
968,100018633,validation
969,100018638,validation
970,100018688,validation
971,100018698,validation
972,100018706,validation
973,100018716,validation
974,100018732,validation
975,100018735,validation
976,100018736,validation
977,100018742,validation
978,100018760,validation
979,100018768,validation
980,100018781,validation
981,100018804,validation
982,100018831,validation
983,100018836,validation
984,100018922,validation
985,100018943,validation
986,100018952,validation
987,100018988,validation
988,100019007,validation
989,100019069,validation
990,100019088,validation
991,100019100,validation
992,100019120,validation
993,100019139,validation
994,100019142,validation
995,100019149,validation
996,100019157,validation
997,100019233,validation
998,100019244,validation
999,100019373,validation
1000,100019427,validation
1001,100019428,validation
1002,100019440,validation
1003,100019478,validation
1004,100019507,validation
1005,100019562,validation
1006,100019582,validation
1007,100019625,validation
1008,100019629,validation
1009,100019631,validation
1010,100019642,validation
1011,100019644,validation
1012,100019654,validation
1013,100019656,validation
1014,100019694,validation
1015,100019778,validation
1016,100019893,validation
1017,100019930,validation
1018,100019963,validation
1019,100020003,validation
1020,100020008,validation
1021,100020014,validation
1022,100020028,validation
1023,100020039,validation
1024,100020085,validation
1025,100020096,validation
1026,100020106,validation
1027,100020131,validation
1028,100020178,validation
1029,100020215,validation
1030,100020276,validation
1031,100020286,validation
1032,100020318,validation
1033,100020406,validation
1034,100020407,validation
1035,100020443,validation
1036,100020546,validation
1037,100020551,validation
1038,100020558,validation
1039,100020563,validation
1040,100020607,validation
1041,100020623,validation
1042,100020626,validation
1043,100020682,validation
1044,100020699,validation
1045,100020705,validation
1046,100020707,validation
1047,100020750,validation
1048,100020776,validation
1049,100020791,validation
1050,100020853,validation
1051,100020861,validation
1052,100020883,validation
1053,100020888,validation
1054,100020895,validation
1055,100020897,validation
1056,100020944,validation
1057,100021047,validation
1058,100021048,validation
1059,100021054,validation
1060,100021091,validation
1061,100021145,validation
1062,100021220,validation
1063,100021235,validation
1064,100021285,validation
1065,100021290,validation
1066,100021373,validation
1067,100021416,validation
1068,100021446,validation
1069,100021448,validation
1070,100021607,validation
1071,100021632,validation
1072,100021654,validation
1073,100021704,validation
1074,100021735,validation
1075,100021744,validation
1076,100021768,validation
1077,100021834,validation
1078,100021867,validation
1079,100021971,validation
1080,100021996,validation
1081,100021997,validation
1082,100022014,validation
1083,100022017,validation
1084,100022052,validation
1085,100022069,validation
1086,100022095,validation
1087,100022126,validation
1088,100022153,validation
1089,100022233,validation
1090,100022322,validation
1091,100022394,validation
1092,100022457,validation
1093,100022473,validation
1094,100022476,validation
1095,100022496,validation
1096,100022524,validation
1097,100022561,validation
1098,100022741,validation
1099,100022773,validation
1100,100022870,validation
1101,100022872,validation
1102,100022873,validation
1103,100022877,validation
1104,100022885,validation
1105,100022915,validation
1106,100022923,validation
1107,100023022,validation
1108,100023164,validation
1109,100023245,validation
1110,100023300,validation
1111,100023345,validation
1112,100023377,validation
1113,100023389,validation
1114,100023412,validation
1115,100023463,validation
1116,100023491,validation
1117,100023503,validation
1118,100023512,validation
1119,100023535,validation
1120,100023546,validation
1121,100023548,validation
1122,100023595,validation
1123,100023671,validation
1124,100023687,validation
1125,100023693,validation
1126,100023710,validation
1127,100023872,validation
1128,100023899,validation
1129,100023906,validation
1130,100024091,validation
1131,100024102,validation
1132,100024160,validation
1133,100024228,validation
1134,100024248,validation
1135,100024252,validation
1136,100024253,validation
1137,100024273,validation
1138,100024292,validation
1139,100024312,validation
1140,100024336,validation
1141,100024395,validation
1142,100024406,validation
1143,100024409,validation
1144,100024434,validation
1145,100024437,validation
1146,100024490,validation
1147,100024579,validation
1148,100024706,validation
1149,100024727,validation
1150,100024762,validation
1151,100024833,validation
1152,100024875,validation
1153,100024943,validation
1154,100024952,validation
1155,100024994,validation
1156,100025049,validation
1157,100025113,validation
1158,100025119,validation
1159,100025317,validation
1160,100025377,validation
1161,100025378,validation
1162,100025398,validation
1163,100025486,validation
1164,100025505,validation
1165,100025566,validation
1166,100025583,validation
1167,100025599,validation
1168,100025662,validation
1169,100025705,validation
1170,100025717,validation
1171,100025731,validation
1172,100025820,validation
1173,100025878,validation
1174,100025881,validation
1175,100025937,validation
1176,100025988,validation
1177,100026116,validation
1178,100026216,validation
1179,100026263,validation
1180,100026318,validation
1181,100026405,validation
1182,100026589,validation
1183,100026908,validation
1184,100026927,validation
1185,100026944,validation
1186,100027167,validation
1187,100027211,validation
1188,100027258,validation
1189,100027551,validation
1190,100027578,validation
1191,100027710,validation
1192,100027725,validation
1193,100027801,validation
1194,100027863,validation
1195,100028040,validation
1196,100028047,validation
1197,100028061,validation
1198,100028066,validation
1199,100028081,validation
1200,100028091,validation
1201,100028095,validation
1202,100028110,validation
1203,100028122,validation
1204,100028123,validation
1205,100028127,validation
1206,100028147,validation
1207,100028210,validation
1208,100028270,validation
1209,100028372,validation
1210,100028457,validation
1211,100028492,validation
1212,100028501,validation
1213,100028536,validation
1214,100028710,validation
1215,100028817,validation
1216,100028961,validation
1217,100029036,validation
1218,100029125,validation
1219,100029216,validation
1220,100029238,validation
1221,100029297,validation
1222,100029730,validation
1223,100029740,validation
1224,100029782,validation
1225,100030127,validation
1226,100030583,validation
1227,100030671,validation
1228,100030689,validation
1229,100030863,validation
1230,100031195,validation
1231,100031218,validation
1232,100031240,validation
1233,100031242,validation
1234,100031250,validation
1235,100031435,validation
1236,100031516,validation
1237,100031570,validation
1238,100031611,validation
1239,100031684,validation
1240,100031754,validation
1241,100031833,validation
1242,100031983,validation
1243,100032072,validation
1244,100032087,validation
1245,100032104,validation
1246,100032107,validation
1247,100032169,validation
1248,100032312,validation
1249,100032566,validation
1250,100032595,validation
1251,100032757,validation
1252,100032777,validation
1253,100032952,validation
1254,100032990,validation
1255,100033057,validation
1256,100033132,validation
1257,100033150,validation
1258,100033186,validation
1259,100033270,validation
1260,100033354,validation
1261,100033394,validation
1262,100033395,validation
1263,100033829,validation
1264,100034003,validation
1265,100034123,validation
1266,100034127,validation
1267,100034279,validation
1268,100034415,validation
1269,100034457,validation
1270,100034460,validation
1271,100034484,validation
1272,100034686,validation
1273,100034784,validation
1274,100034822,validation
1275,100035017,validation
1276,100035041,validation
1277,100035062,validation
1278,100035195,validation
1279,100035406,validation
1280,100035506,validation
1281,100035629,validation
1282,100035804,validation
1283,100035898,validation
1284,100035952,validation
1285,100035990,validation
1286,100036003,validation
1287,100036078,validation
1288,100036174,validation
1289,100036229,validation
1290,100036230,validation
1291,100036344,validation
1292,100036376,validation
1293,100036413,validation
1294,100036452,validation
1295,100036508,validation
1296,100036559,validation
1297,100036677,validation
1298,100036805,validation
1299,100037162,validation
1300,100037217,validation
1301,100037243,validation
1302,100037435,validation
1303,100037444,validation
1304,100037503,validation
1305,100037674,validation
1306,100037882,validation
1307,100037997,validation
1308,100038053,validation
1309,100038086,validation
1310,100038114,validation
1311,100038318,validation
1312,100038338,validation
1313,100038475,validation
1314,100038594,validation
1315,100038642,validation
1316,100038800,validation
1317,100038883,validation
1318,100039116,validation
1319,100039234,validation
1320,100039235,validation
1321,100039278,validation
1322,100039279,validation
1323,100039441,validation
1324,100039478,validation
1325,100039487,validation
1326,100039508,validation
1327,100039667,validation
1328,100039687,validation
1329,100039710,validation
1330,100039732,validation
1331,100039747,validation
1332,100039909,validation
1333,100039910,validation
1334,100039917,validation
1335,100040050,validation
1336,100040169,validation
1337,100040272,validation
1338,100040369,validation
1339,100040566,validation
1340,100040571,validation
1341,100040599,validation
1342,100040603,validation
1343,100040647,validation
1344,100040665,validation
1345,100040688,validation
1346,100040695,validation
1347,100041177,validation
1348,100041209,validation
1349,100041280,validation
1350,100041370,validation
1351,100041427,validation
1352,100041434,validation
1353,100041535,validation
1354,100041556,validation
1355,100041674,validation
1356,100041676,validation
1357,100041695,validation
1358,100041719,validation
1359,100041797,validation
1360,100041893,validation
1361,100042028,validation
1362,100042093,validation
1363,100042214,validation
1364,100042245,validation
1365,100042269,validation
1366,100042350,validation
1367,100042362,validation
1368,100042405,validation
1369,100042460,validation
1370,100042609,validation
1371,100042682,validation
1372,100042719,validation
1373,100042741,validation
1374,100042779,validation
1375,100042861,validation
1376,100042998,validation
1377,100043025,validation
1378,100043193,validation
1379,100043262,validation
1380,100043339,validation
1381,100043362,validation
1382,100043378,validation
1383,100043547,validation
1384,100043868,validation
1385,100043953,validation
1386,100044061,validation
1387,100044066,validation
1388,100044112,validation
1389,100044666,validation
1390,100044703,validation
1391,100044721,validation
1392,100044816,validation
1393,100044850,validation
1394,100044888,validation
1395,100044976,validation
1396,100045087,validation
1397,100045159,validation
1398,100045190,validation
1399,100045234,validation
1400,100045236,validation
1401,100045273,validation
1402,100045458,validation
1403,100045772,validation
1404,100045895,validation
1405,100046152,validation
1406,100046204,validation
1407,100046479,validation
1408,100046519,validation
1409,100046597,validation
1410,100046719,validation
1411,100046808,validation
1412,100046868,validation
1413,100046897,validation
1414,100046943,validation
1415,100047086,validation
1416,100047167,validation
1417,100047354,validation
1418,100047364,validation
1419,100047569,validation
1420,100047610,validation
1421,100047731,validation
1422,100047750,validation
1423,100047842,validation
1424,100047978,validation
1425,100048025,validation
1426,100048159,validation
1427,100048304,validation
1428,100048381,validation
1429,100048441,validation
1430,100048450,validation
1431,100048592,validation
1432,100048767,validation
1433,100048807,validation
1434,100048861,validation
1435,100049056,validation
1436,100049126,validation
1437,100049264,validation
1438,100049471,validation
1439,100049704,validation
1440,100049705,validation
1441,100049708,validation
1442,100049710,validation
1443,100049713,validation
1444,100049800,validation
1445,100050080,validation
1446,100050240,validation
1447,100050244,validation
1448,100050260,validation
1449,100050261,validation
1450,100050418,validation
1451,100050583,validation
1452,100050598,validation
1453,100050721,validation
1454,100050889,validation
1455,100050898,validation
1456,100050911,validation
1457,100050961,validation
1458,100051047,validation
1459,100051062,validation
1460,100051124,validation
1461,100051155,validation
1462,100051189,validation
1463,100051329,validation
1464,100051522,validation
1465,100051580,validation
1466,100051682,validation
1467,100051868,validation
1468,100051870,validation
1469,100051980,validation
1470,100052175,validation
1471,100052214,validation
1472,100052246,validation
1473,100052272,validation
1474,100052300,validation
1475,100052323,validation
1476,100052346,validation
1477,100052434,validation
1478,100052621,validation
1479,100052644,validation
1480,100052713,validation
1481,100053016,validation
1482,100053033,validation
1483,100053195,validation
1484,100053461,validation
1485,100053516,validation
1486,100053662,validation
1487,100053677,validation
1488,100053741,validation
1489,100053945,validation
1490,100054016,validation
1491,100054111,validation
1492,100054167,validation
1493,100054190,validation
1494,100054196,validation
1495,100054215,validation
1496,100054623,validation
1497,100054641,validation
1498,100054685,validation
1499,100054716,validation
1500,100054938,validation
1501,100054958,validation
1502,100055019,validation
1503,100055271,validation
1504,100055553,validation
1505,100055620,validation
1506,100055830,validation
1507,100055920,validation
1508,100055921,validation
1509,100055999,validation
1510,100056272,validation
1511,100056282,validation
1512,100056440,validation
1513,100056503,validation
1514,100056562,validation
1515,100056786,validation
1516,100056858,validation
1517,100056862,validation
1518,100056960,validation
1519,100056983,validation
1520,100057105,validation
1521,100057160,validation
1522,100057297,validation
1523,100057582,validation
1524,100057603,validation
1525,100057774,validation
1526,100057817,validation
1527,100057862,validation
1528,100057880,validation
1529,100058368,validation
1530,100058419,validation
1531,100058449,validation
1532,100058732,validation
1533,100059009,validation
1534,100059178,validation
1535,100059188,validation
1536,100059257,validation
1537,100059800,validation
1538,100059849,validation
1539,100059891,validation
1540,100060002,validation
1541,100060204,validation
1542,100060221,validation
1543,100060441,validation
1544,100060614,validation
1545,100060989,validation
1546,100060992,validation
1547,100061172,validation
1548,100061554,validation
1549,100061678,validation
1550,100061873,validation
1551,100062340,validation
1552,100062627,validation
1553,100062865,validation
1554,100063069,validation
1555,100063169,validation
1556,100063343,validation
1557,100063346,validation
1558,100063466,validation
1559,100064105,validation
1560,100064155,validation
1561,100064498,validation
1562,100064708,validation
1563,100065138,validation
1564,100065340,validation
1565,100066261,validation
1566,100066522,validation
1567,100066588,validation
1568,100066673,validation
1569,100067093,validation
1570,100067423,validation
1571,100068880,validation
1572,100069213,validation
1573,100069227,validation
1574,100069499,validation
1575,100070592,validation
1576,100071473,validation
1577,100071528,validation
1578,100071604,validation
1579,100072331,validation
1580,100072464,validation
1581,100072553,validation
1582,100072810,validation
1583,100072870,validation
1584,100073279,validation
1585,100073344,validation
1586,100073412,validation
1587,100073654,validation
1588,100081803,validation
1589,100081908,validation
1590,100082271,validation
1591,100083414,validation
1592,100085424,validation
1593,100087680,validation
1594,100088412,validation
1595,100088811,validation
1596,100090045,validation
1597,100090871,validation
1598,100092296,validation
1599,100093430,validation
1600,100094261,validation
1601,100095829,validation
1602,100096034,validation
1603,100099316,validation
1604,100099497,validation
1605,100100330,validation
1606,100100821,validation
1607,100101206,validation
1608,100102109,validation
1609,100103418,validation
1610,100103666,validation
1611,100107177,validation
1612,100107915,validation
1613,100108644,validation
1614,100108843,validation
1615,100108924,validation
1616,100109105,validation
1617,100110944,validation
1618,100111459,validation
1619,100111819,validation
1620,100115290,validation
1621,100115700,validation
1622,100122464,validation
1623,100122839,validation
1624,100123928,validation
1625,100125007,validation
1626,100126079,validation
1627,100126581,validation
1628,100128283,validation
1629,100128368,validation
1630,100130601,validation
1631,100132380,validation
1632,100132635,validation
1633,100134083,validation
1634,100136880,validation
1635,100137296,validation
1636,100141374,validation
1637,100143651,validation
1638,500000022,validation
1639,500000028,validation
1640,500000035,validation
1641,500000052,validation
1642,500000069,validation
1643,500000073,validation
1644,500000078,validation
1645,500000082,validation
1646,500000085,validation
1647,500000086,validation
1648,500000095,validation
1649,500000096,validation
1650,500000097,validation
1651,500000099,validation
1652,500000107,validation
1653,500000112,validation
1654,500000114,validation
1655,500000116,validation
1656,500000118,validation
1657,500000119,validation
1658,500000122,validation
1659,500000127,validation
1660,500000201,validation
1661,500000206,validation
1662,500000212,validation
1663,500000214,validation
1664,500000219,validation
1665,500000223,validation
1666,500000238,validation
1667,500000241,validation
1668,500000249,validation
1669,500000273,validation
1670,500000274,validation
1671,500000293,validation
1672,500000296,validation
1673,500000303,validation
1674,500000305,validation
1675,500000307,validation
1676,500000309,validation
1677,500000314,validation
1678,500000360,validation
1679,500000372,validation
1680,500000381,validation
1681,500000384,validation
1682,500000414,validation
1683,500000421,validation
1684,500000424,validation
1685,500000430,validation
1686,500000431,validation
1687,500000443,validation
1688,500000457,validation
1689,500000472,validation
1690,500000476,validation
1691,500000483,validation
1692,500000484,validation
1693,500000488,validation
1694,500000490,validation
1695,500000497,validation
1696,500000499,validation
1697,500000501,validation
1698,500000503,validation
1699,500000514,validation
1700,500000533,validation
1701,500000545,validation
1702,500000547,validation
1703,500000552,validation
1704,500000553,validation
1705,500000582,validation
1706,500000587,validation
1707,500000593,validation
1708,500000618,validation
1709,500000626,validation
1710,500000636,validation
1711,500000643,validation
1712,500000645,validation
1713,500000661,validation
1714,500000672,validation
1715,500000689,validation
1716,500000710,validation
1717,500000716,validation
1718,500000719,validation
1719,500000724,validation
1720,500000756,validation
1721,500000762,validation
1722,500000763,validation
1723,500000777,validation
1724,500000786,validation
1725,500000792,validation
1726,500000798,validation
1727,500000804,validation
1728,500000811,validation
1729,500000813,validation
1730,500000834,validation
1731,500000845,validation
1732,500000862,validation
1733,500000901,validation
1734,500000925,validation
1735,500000929,validation
1736,500000935,validation
1737,500000945,validation
1738,500000947,validation
1739,500000953,validation
1740,500000964,validation
1741,500000973,validation
1742,500000979,validation
1743,500000985,validation
1744,500000994,validation
1745,500000998,validation
1746,500001002,validation
1747,500001013,validation
1748,500001027,validation
1749,500001032,validation
1750,500001041,validation
1751,500001042,validation
1752,500001054,validation
1753,500001075,validation
1754,500001076,validation
1755,500001090,validation
1756,500001091,validation
1757,500001094,validation
1758,500001107,validation
1759,500001114,validation
1760,500001117,validation
1761,500001125,validation
1762,500001134,validation
1763,500001145,validation
1764,500001171,validation
1765,500001178,validation
1766,500001180,validation
1767,500001190,validation
1768,500001197,validation
1769,500001209,validation
1770,500001213,validation
1771,500001216,validation
1772,500001224,validation
1773,500001241,validation
1774,500001244,validation
1775,500001246,validation
1776,500001257,validation
1777,500001272,validation
1778,500001274,validation
1779,500001282,validation
1780,500001305,validation
1781,500001315,validation
1782,500001316,validation
1783,500001329,validation
1784,500001330,validation
1785,500001333,validation
1786,500001340,validation
1787,500001342,validation
1788,500001344,validation
1789,500001346,validation
1790,500001351,validation
1791,500001363,validation
1792,500001365,validation
1793,500001408,validation
1794,500001416,validation
1795,500001420,validation
1796,500001421,validation
1797,500001423,validation
1798,500001425,validation
1799,500001426,validation
1800,500001435,validation
1801,500001437,validation
1802,500001440,validation
1803,500001441,validation
1804,500001446,validation
1805,500001448,validation
1806,500001457,validation
1807,500001465,validation
1808,500001467,validation
1809,500001470,validation
1810,500001472,validation
1811,500001494,validation
1812,500001503,validation
1813,500001508,validation
1814,500001512,validation
1815,500001516,validation
1816,500001528,validation
1817,500001537,validation
1818,500001542,validation
1819,500001544,validation
1820,500001547,validation
1821,500001549,validation
1822,500001572,validation
1823,500001583,validation
1824,500001595,validation
1825,500001604,validation
1826,500001610,validation
1827,500001614,validation
1828,500001617,validation
1829,500001639,validation
1830,500001655,validation
1831,500001667,validation
1832,500001690,validation
1833,500001704,validation
1834,500001722,validation
1835,500001733,validation
1836,500001738,validation
1837,500001752,validation
1838,500001761,validation
1839,500001764,validation
1840,500001773,validation
1841,500001813,validation
1842,500001831,validation
1843,500001844,validation
1844,500001851,validation
1845,500001872,validation
1846,500001873,validation
1847,500001879,validation
1848,500001880,validation
1849,500001887,validation
1850,500001891,validation
1851,500001895,validation
1852,500001914,validation
1853,500001915,validation
1854,500001917,validation
1855,500001926,validation
1856,500001945,validation
1857,500001956,validation
1858,500001969,validation
1859,500001983,validation
1860,500001988,validation
1861,500002001,validation
1862,500002008,validation
1863,500002022,validation
1864,500002032,validation
1865,500002040,validation
1866,500002057,validation
1867,500002065,validation
1868,500002068,validation
1869,500002080,validation
1870,500002083,validation
1871,500002093,validation
1872,500002110,validation
1873,500002115,validation
1874,500002126,validation
1875,500002140,validation
1876,500002151,validation
1877,500002163,validation
1878,500002195,validation
1879,500002200,validation
1880,500002203,validation
1881,500002217,validation
1882,500002220,validation
1883,500002225,validation
1884,500002246,validation
1885,500002247,validation
1886,500002252,validation
1887,500002253,validation
1888,500002257,validation
1889,500002259,validation
1890,500002266,validation
1891,500002279,validation
1892,500002292,validation
1893,500002297,validation
1894,500002302,validation
1895,500002314,validation
1896,500002315,validation
1897,500002326,validation
1898,500002327,validation
1899,500002359,validation
1900,500002375,validation
1901,500002381,validation
1902,500002383,validation
1903,500002386,validation
1904,500002390,validation
1905,500002402,validation
1906,500002408,validation
1907,500002409,validation
1908,500002419,validation
1909,500002422,validation
1910,500002437,validation
1911,500002455,validation
1912,500002456,validation
1913,500002473,validation
1914,500002476,validation
1915,500002490,validation
1916,500002497,validation
1917,500002498,validation
1918,500002524,validation
1919,500002528,validation
1920,500002530,validation
1921,500002533,validation
1922,500002551,validation
1923,500002573,validation
1924,500002595,validation
1925,500002604,validation
1926,500002609,validation
1927,500002610,validation
1928,500002624,validation
1929,500002629,validation
1930,500002634,validation
1931,500002644,validation
1932,500002657,validation
1933,500002660,validation
1934,500002669,validation
1935,500002680,validation
1936,500002702,validation
1937,500002710,validation
1938,500002717,validation
1939,500002727,validation
1940,500002729,validation
1941,500002748,validation
1942,500002756,validation
1943,500002764,validation
1944,500002803,validation
1945,500002805,validation
1946,500002815,validation
1947,500002821,validation
1948,500002823,validation
1949,500002847,validation
1950,500002850,validation
1951,500002852,validation
1952,500002854,validation
1953,500002866,validation
1954,500002877,validation
1955,500002884,validation
1956,500002885,validation
1957,500002888,validation
1958,500002893,validation
1959,500002901,validation
1960,500002902,validation
1961,500002914,validation
1962,500002917,validation
1963,500002933,validation
1964,500002936,validation
1965,500002948,validation
1966,500002951,validation
1967,500002966,validation
1968,500002989,validation
1969,500002992,validation
1970,500003019,validation
1971,500003034,validation
1972,500003035,validation
1973,500003048,validation
1974,500003050,validation
1975,500003052,validation
1976,500003058,validation
1977,500003097,validation
1978,500003103,validation
1979,500003111,validation
1980,500003120,validation
1981,500003132,validation
1982,500003135,validation
1983,500003148,validation
1984,500003150,validation
1985,500003161,validation
1986,500003170,validation
1987,500003172,validation
1988,500003173,validation
1989,500003175,validation
1990,500003178,validation
1991,500003185,validation
1992,500003194,validation
1993,500003196,validation
1994,500003209,validation
1995,500003210,validation
1996,500003211,validation
1997,500003213,validation
1998,500003219,validation
1999,500003247,validation
2000,500003249,validation
2001,500003256,validation
2002,500003262,validation
2003,500003275,validation
2004,500003283,validation
2005,500003288,validation
2006,500003293,validation
2007,500003301,validation
2008,500003310,validation
2009,500003313,validation
2010,500003317,validation
2011,500003320,validation
2012,500003322,validation
2013,500003393,validation
2014,500003405,validation
2015,500003415,validation
2016,500003420,validation
2017,500003442,validation
2018,500003444,validation
2019,500003456,validation
2020,500003459,validation
2021,500003463,validation
2022,500003467,validation
2023,500003475,validation
2024,500003485,validation
2025,500003486,validation
2026,500003489,validation
2027,500003490,validation
2028,500003494,validation
2029,500003508,validation
2030,500003517,validation
2031,500003533,validation
2032,500003535,validation
2033,500003550,validation
2034,500003551,validation
2035,500003554,validation
2036,500003573,validation
2037,500003575,validation
2038,500003579,validation
2039,500003583,validation
2040,500003586,validation
2041,500003587,validation
2042,500003608,validation
2043,500003612,validation
2044,500003616,validation
2045,500003617,validation
2046,500003618,validation
2047,500003634,validation
2048,500003635,validation
2049,500003639,validation
2050,500003648,validation
2051,500003663,validation
2052,500003665,validation
2053,500003679,validation
2054,500003683,validation
2055,500003689,validation
2056,500003695,validation
2057,500003706,validation
2058,500003761,validation
2059,500003767,validation
2060,500003825,validation
2061,500003843,validation
2062,500003852,validation
2063,500003875,validation
2064,500003876,validation
2065,500003883,validation
2066,500003886,validation
2067,500003891,validation
2068,500003904,validation
2069,500003916,validation
2070,500003917,validation
2071,500003929,validation
2072,500003942,validation
2073,500003945,validation
2074,500003948,validation
2075,500003949,validation
2076,500003951,validation
2077,500003955,validation
2078,500003956,validation
2079,500003965,validation
2080,500003970,validation
2081,500003973,validation
2082,500003984,validation
2083,500003985,validation
2084,500003997,validation
2085,500003999,validation
2086,500004001,validation
2087,500004017,validation
2088,500004023,validation
2089,500004026,validation
2090,500004032,validation
2091,500004033,validation
2092,500004052,validation
2093,500004073,validation
2094,500006053,validation
2095,500010746,validation
2096,500012316,validation
2097,500012326,validation
2098,500012359,validation
2099,500012365,validation
2100,500012385,validation
2101,500012415,validation
2102,500012437,validation
2103,500012440,validation
2104,500012452,validation
2105,500012467,validation
2106,500012495,validation
2107,500012511,validation
2108,500012522,validation
2109,500012523,validation
2110,500012551,validation
2111,500012557,validation
2112,500012566,validation
2113,500012581,validation
2114,500012628,validation
2115,500012630,validation
2116,500012636,validation
2117,500012657,validation
2118,500012687,validation
2119,500012706,validation
2120,500012801,validation
2121,500012842,validation
2122,500012860,validation
2123,500013041,validation
2124,500013065,validation
0,100025931,training
1,100026381,training
2,100027750,training
3,100027864,training
4,100030198,training
5,100032453,training
6,100035306,training
7,100035901,training
8,100036160,training
9,100036531,training
10,100037777,training
11,100037965,training
12,100038220,training
13,100038344,training
14,100038576,training
15,100038631,training
16,100039017,training
17,100040195,training
18,100040452,training
19,100040490,training
20,100040677,training
21,100040678,training
22,100040841,training
23,100040871,training
24,100041033,training
25,100041915,training
26,100042201,training
27,100042568,training
28,100042701,training
29,100042907,training
30,100042922,training
31,100043289,training
32,100043522,training
33,100043626,training
34,100043827,training
35,100044547,training
36,100044565,training
37,100044588,training
38,100044853,training
39,100044887,training
40,100044960,training
41,100044971,training
42,100045257,training
43,100045259,training
44,100045308,training
45,100045958,training
46,100046159,training
47,100046425,training
48,100046458,training
49,100046594,training
50,100046801,training
51,100046956,training
52,100047108,training
53,100047366,training
54,100047688,training
55,100047977,training
56,100049235,training
57,100049286,training
58,100049929,training
59,100050084,training
60,100050457,training
61,100050672,training
62,100050828,training
63,100050921,training
64,100051035,training
65,100051507,training
66,100053203,training
67,100054101,training
68,100054415,training
69,100054489,training
70,100054915,training
71,100055003,training
72,100055332,training
73,100055784,training
74,100056480,training
75,100056653,training
76,100056985,training
77,100057041,training
78,100057209,training
79,100058423,training
80,100058472,training
81,100061398,training
82,100061805,training
83,100062401,training
84,100063639,training
85,100064555,training
86,100064800,training
87,100065514,training
88,500003650,training
89,500003651,training
90,500003652,training
91,500003653,training
92,500003656,training
93,500003667,training
94,500003668,training
95,500003669,training
96,500003700,training
97,500003710,training
98,500003712,training
99,500003713,training
100,500003714,training
101,500003715,training
102,500003716,training
103,500003720,training
104,500003721,training
105,500003723,training
106,500003724,training
107,500003725,training
108,500003727,training
109,500003728,training
110,500003737,training
111,500003739,training
112,500003741,training
113,500003743,training
114,500003745,training
115,500003749,training
116,500003750,training
117,500003751,training
118,500003752,training
119,500003753,training
120,500003754,training
121,500003757,training
122,500003758,training
123,500003776,training
124,500003810,training
125,500003824,training
126,500003829,training
127,500003831,training
128,500003862,training
129,500003873,training
130,500003890,training
131,500003937,training
132,500012488,training
133,500012785,training
134,500012786,training
135,100036598,training
136,100000010,training
137,100000012,training
138,100000021,training
139,100000022,training
140,100000023,training
141,100000024,training
142,100000030,training
143,100000033,training
144,100000034,training
145,100000037,training
146,100000038,training
147,100000039,training
148,100000042,training
149,100000047,training
150,100000051,training
151,100000053,training
152,100000055,training
153,100000061,training
154,100000062,training
155,100000066,training
156,100000071,training
157,100000072,training
158,100000076,training
159,100000078,training
160,100000081,training
161,100000082,training
162,100000084,training
163,100000089,training
164,100000090,training
165,100000092,training
166,100000095,training
167,100000098,training
168,100000101,training
169,100000103,training
170,100000108,training
171,100000111,training
172,100000118,training
173,100000122,training
174,100000123,training
175,100000126,training
176,100000129,training
177,100000134,training
178,100000136,training
179,100000137,training
180,100000142,training
181,100000143,training
182,100000148,training
183,100000151,training
184,100000152,training
185,100000155,training
186,100000157,training
187,100000161,training
188,100000162,training
189,100000166,training
190,100000171,training
191,100000175,training
192,100000177,training
193,100000178,training
194,100000179,training
195,100000180,training
196,100000182,training
197,100000185,training
198,100000186,training
199,100000188,training
200,100000189,training
201,100000190,training
202,100000193,training
203,100000197,training
204,100000198,training
205,100000199,training
206,100000202,training
207,100000206,training
208,100000210,training
209,100000211,training
210,100000212,training
211,100000214,training
212,100000215,training
213,100000216,training
214,100000217,training
215,100000220,training
216,100000222,training
217,100000225,training
218,100000228,training
219,100000229,training
220,100000234,training
221,100000238,training
222,100000239,training
223,100000242,training
224,100000245,training
225,100000248,training
226,100000250,training
227,100000251,training
228,100000252,training
229,100000270,training
230,100000273,training
231,100000280,training
232,100000283,training
233,100000284,training
234,100000285,training
235,100000286,training
236,100000289,training
237,100000290,training
238,100000291,training
239,100000294,training
240,100000298,training
241,100000299,training
242,100000304,training
243,100000311,training
244,100000316,training
245,100000319,training
246,100000323,training
247,100000325,training
248,100000326,training
249,100000329,training
250,100000332,training
251,100000334,training
252,100000338,training
253,100000339,training
254,100000341,training
255,100000345,training
256,100000351,training
257,100000356,training
258,100000360,training
259,100000364,training
260,100000369,training
261,100000370,training
262,100000375,training
263,100000386,training
264,100000389,training
265,100000391,training
266,100000392,training
267,100000393,training
268,100000394,training
269,100000399,training
270,100000405,training
271,100000406,training
272,100000409,training
273,100000410,training
274,100000411,training
275,100000413,training
276,100000415,training
277,100000416,training
278,100000418,training
279,100000425,training
280,100000426,training
281,100000429,training
282,100000433,training
283,100000435,training
284,100000439,training
285,100000443,training
286,100000447,training
287,100000448,training
288,100000453,training
289,100000456,training
290,100000457,training
291,100000459,training
292,100000461,training
293,100000465,training
294,100000468,training
295,100000470,training
296,100000471,training
297,100000474,training
298,100000475,training
299,100000477,training
300,100000479,training
301,100000480,training
302,100000482,training
303,100000485,training
304,100000491,training
305,100000497,training
306,100000499,training
307,100000500,training
308,100000502,training
309,100000508,training
310,100000513,training
311,100000515,training
312,100000516,training
313,100000526,training
314,100000527,training
315,100000530,training
316,100000534,training
317,100000542,training
318,100000545,training
319,100000549,training
320,100000558,training
321,100000562,training
322,100000565,training
323,100000567,training
324,100000570,training
325,100000573,training
326,100000579,training
327,100000583,training
328,100000589,training
329,100000595,training
330,100000596,training
331,100000600,training
332,100000608,training
333,100000613,training
334,100000615,training
335,100000616,training
336,100000617,training
337,100000618,training
338,100000622,training
339,100000625,training
340,100000628,training
341,100000634,training
342,100000640,training
343,100000643,training
344,100000644,training
345,100000650,training
346,100000652,training
347,100000654,training
348,100000656,training
349,100000658,training
350,100000659,training
351,100000662,training
352,100000663,training
353,100000664,training
354,100000665,training
355,100000669,training
356,100000684,training
357,100000686,training
358,100000692,training
359,100000693,training
360,100000699,training
361,100000705,training
362,100000707,training
363,100000708,training
364,100000717,training
365,100000719,training
366,100000721,training
367,100000723,training
368,100000728,training
369,100000730,training
370,100000732,training
371,100000734,training
372,100000739,training
373,100000741,training
374,100000747,training
375,100000748,training
376,100000750,training
377,100000753,training
378,100000754,training
379,100000768,training
380,100000774,training
381,100000781,training
382,100000783,training
383,100000795,training
384,100000796,training
385,100000802,training
386,100000803,training
387,100000804,training
388,100000806,training
389,100000811,training
390,100000812,training
391,100000813,training
392,100000814,training
393,100000815,training
394,100000816,training
395,100000818,training
396,100000819,training
397,100000820,training
398,100000822,training
399,100000827,training
400,100000829,training
401,100000830,training
402,100000835,training
403,100000838,training
404,100000841,training
405,100000842,training
406,100000845,training
407,100000853,training
408,100000859,training
409,100000866,training
410,100000867,training
411,100000868,training
412,100000869,training
413,100000876,training
414,100000878,training
415,100000890,training
416,100000893,training
417,100000901,training
418,100000902,training
419,100000906,training
420,100000908,training
421,100000911,training
422,100000913,training
423,100000919,training
424,100000923,training
425,100000927,training
426,100000929,training
427,100000937,training
428,100000941,training
429,100000970,training
430,100000971,training
431,100000972,training
432,100000973,training
433,100000974,training
434,100000981,training
435,100000982,training
436,100000989,training
437,100000992,training
438,100000994,training
439,100000997,training
440,100000999,training
441,100001000,training
442,100001004,training
443,100001006,training
444,100001011,training
445,100001012,training
446,100001014,training
447,100001016,training
448,100001017,training
449,100001023,training
450,100001024,training
451,100001027,training
452,100001028,training
453,100001030,training
454,100001037,training
455,100001040,training
456,100001044,training
457,100001050,training
458,100001054,training
459,100001060,training
460,100001061,training
461,100001062,training
462,100001063,training
463,100001070,training
464,100001074,training
465,100001086,training
466,100001093,training
467,100001094,training
468,100001097,training
469,100001100,training
470,100001104,training
471,100001109,training
472,100001110,training
473,100001113,training
474,100001115,training
475,100001119,training
476,100001129,training
477,100001134,training
478,100001140,training
479,100001144,training
480,100001148,training
481,100001154,training
482,100001155,training
483,100001156,training
484,100001157,training
485,100001162,training
486,100001167,training
487,100001170,training
488,100001174,training
489,100001175,training
490,100001177,training
491,100001179,training
492,100001180,training
493,100001186,training
494,100001187,training
495,100001188,training
496,100001192,training
497,100001195,training
498,100001197,training
499,100001200,training
500,100001201,training
501,100001207,training
502,100001209,training
503,100001213,training
504,100001219,training
505,100002406,training
506,100002410,training
507,100002413,training
508,100002414,training
509,100002415,training
510,100002416,training
511,100002417,training
512,100002419,training
513,100002428,training
514,100002437,training
515,100002439,training
516,100002447,training
517,100002449,training
518,100002450,training
519,100002455,training
520,100002456,training
521,100002460,training
522,100002461,training
523,100002464,training
524,100002467,training
525,100002469,training
526,100002470,training
527,100002471,training
528,100002472,training
529,100002480,training
530,100002482,training
531,100002483,training
532,100002485,training
533,100002487,training
534,100002489,training
535,100002571,training
536,100002572,training
537,100002573,training
538,100002574,training
539,100002577,training
540,100002580,training
541,100002582,training
542,100002584,training
543,100002590,training
544,100002591,training
545,100002613,training
546,100002627,training
547,100002644,training
548,100002647,training
549,100002652,training
550,100002654,training
551,100002656,training
552,100002662,training
553,100002663,training
554,100002664,training
555,100002670,training
556,100002672,training
557,100002674,training
558,100002676,training
559,100002679,training
560,100002685,training
561,100002688,training
562,100002689,training
563,100002692,training
564,100002693,training
565,100002700,training
566,100002702,training
567,100002770,training
568,100002771,training
569,100002774,training
570,100002776,training
571,100002784,training
572,100002785,training
573,100002790,training
574,100002791,training
575,100002794,training
576,100002797,training
577,100002799,training
578,100002800,training
579,100002801,training
580,100002802,training
581,100002803,training
582,100002805,training
583,100002810,training
584,100002853,training
585,100002859,training
586,100002860,training
587,100002885,training
588,100002886,training
589,100002888,training
590,100002893,training
591,100002899,training
592,100002900,training
593,100002930,training
594,100002931,training
595,100002932,training
596,100002933,training
597,100002935,training
598,100002936,training
599,100002937,training
600,100002940,training
601,100002941,training
602,100002942,training
603,100002947,training
604,100002949,training
605,100002982,training
606,100002994,training
607,100002996,training
608,100002997,training
609,100003002,training
610,100003003,training
611,100003005,training
612,100003008,training
613,100003032,training
614,100003033,training
615,100003037,training
616,100003049,training
617,100003051,training
618,100003052,training
619,100003054,training
620,100003055,training
621,100003061,training
622,100003068,training
623,100003069,training
624,100003095,training
625,100003097,training
626,100003098,training
627,100003099,training
628,100003107,training
629,100003108,training
630,100003109,training
631,100003117,training
632,100003118,training
633,100003120,training
634,100003122,training
635,100003128,training
636,100003130,training
637,100003132,training
638,100003133,training
639,100003159,training
640,100003160,training
641,100003163,training
642,100003164,training
643,100003165,training
644,100003167,training
645,100003168,training
646,100003172,training
647,100003176,training
648,100003181,training
649,100003182,training
650,100003183,training
651,100003188,training
652,100003191,training
653,100003195,training
654,100003239,training
655,100003242,training
656,100003244,training
657,100003247,training
658,100003249,training
659,100003252,training
660,100003255,training
661,100003259,training
662,100003264,training
663,100003265,training
664,100003292,training
665,100003294,training
666,100003296,training
667,100003298,training
668,100003301,training
669,100003317,training
670,100003319,training
671,100003326,training
672,100003327,training
673,100003336,training
674,100003337,training
675,100003344,training
676,100003354,training
677,100003359,training
678,100003360,training
679,100003366,training
680,100003381,training
681,100003383,training
682,100003385,training
683,100003387,training
684,100003388,training
685,100003391,training
686,100003392,training
687,100003416,training
688,100003418,training
689,100003420,training
690,100003421,training
691,100003439,training
692,100003440,training
693,100003442,training
694,100003444,training
695,100003449,training
696,100003455,training
697,100003488,training
698,100003503,training
699,100003508,training
700,100003509,training
701,100003510,training
702,100003511,training
703,100003540,training
704,100003544,training
705,100003564,training
706,100003565,training
707,100003569,training
708,100003570,training
709,100003591,training
710,100003603,training
711,100003604,training
712,100003617,training
713,100003622,training
714,100003623,training
715,100003624,training
716,100003628,training
717,100003629,training
718,100003641,training
719,100003643,training
720,100003644,training
721,100003648,training
722,100003649,training
723,100003666,training
724,100003668,training
725,100003669,training
726,100003673,training
727,100003674,training
728,100003677,training
729,100003695,training
730,100003697,training
731,100003700,training
732,100003701,training
733,100003707,training
734,100003708,training
735,100003727,training
736,100003729,training
737,100003736,training
738,100003737,training
739,100003751,training
740,100003755,training
741,100003756,training
742,100003762,training
743,100003763,training
744,100003764,training
745,100003767,training
746,100003773,training
747,100003774,training
748,100003776,training
749,100003777,training
750,100003778,training
751,100003783,training
752,100003787,training
753,100003804,training
754,100003806,training
755,100003813,training
756,100003816,training
757,100003817,training
758,100003819,training
759,100003821,training
760,100003822,training
761,100003830,training
762,100003831,training
763,100003835,training
764,100003844,training
765,100003861,training
766,100003865,training
767,100003870,training
768,100003871,training
769,100003872,training
770,100003873,training
771,100003874,training
772,100003875,training
773,100003876,training
774,100003878,training
775,100003882,training
776,100003883,training
777,100003884,training
778,100003889,training
779,100003890,training
780,100003891,training
781,100003893,training
782,100003896,training
783,100003902,training
784,100003906,training
785,100003914,training
786,100003917,training
787,100003919,training
788,100003920,training
789,100003921,training
790,100003923,training
791,100003925,training
792,100003927,training
793,100003932,training
794,100003933,training
795,100003934,training
796,100003936,training
797,100003941,training
798,100003945,training
799,100003947,training
800,100003951,training
801,100003954,training
802,100003957,training
803,100003958,training
804,100003963,training
805,100003964,training
806,100003975,training
807,100003981,training
808,100003982,training
809,100003984,training
810,100003986,training
811,100004000,training
812,100004004,training
813,100004005,training
814,100004009,training
815,100004017,training
816,100004018,training
817,100004021,training
818,100004028,training
819,100004035,training
820,100004040,training
821,100004043,training
822,100004045,training
823,100004046,training
824,100004048,training
825,100004050,training
826,100004053,training
827,100004054,training
828,100004057,training
829,100004058,training
830,100004059,training
831,100004061,training
832,100004063,training
833,100004066,training
834,100004067,training
835,100004074,training
836,100004075,training
837,100004076,training
838,100004082,training
839,100004083,training
840,100004084,training
841,100004086,training
842,100004087,training
843,100004088,training
844,100004089,training
845,100004090,training
846,100004091,training
847,100004092,training
848,100004093,training
849,100004094,training
850,100004095,training
851,100004096,training
852,100004100,training
853,100004102,training
854,100004104,training
855,100004108,training
856,100004109,training
857,100004110,training
858,100004113,training
859,100004115,training
860,100004118,training
861,100004120,training
862,100004125,training
863,100004127,training
864,100004128,training
865,100004136,training
866,100004138,training
867,100004143,training
868,100004148,training
869,100004149,training
870,100004150,training
871,100004159,training
872,100004161,training
873,100004162,training
874,100004165,training
875,100004167,training
876,100004168,training
877,100004174,training
878,100004183,training
879,100004185,training
880,100004192,training
881,100004200,training
882,100004201,training
883,100004205,training
884,100004206,training
885,100004207,training
886,100004209,training
887,100004210,training
888,100004212,training
889,100004215,training
890,100004230,training
891,100004236,training
892,100004237,training
893,100004238,training
894,100004239,training
895,100004243,training
896,100004245,training
897,100004247,training
898,100004251,training
899,100004252,training
900,100004255,training
901,100004259,training
902,100004262,training
903,100004263,training
904,100004264,training
905,100004265,training
906,100004266,training
907,100004274,training
908,100004277,training
909,100004294,training
910,100004297,training
911,100004301,training
912,100004304,training
913,100004306,training
914,100004308,training
915,100004309,training
916,100004315,training
917,100004317,training
918,100004318,training
919,100004319,training
920,100004322,training
921,100004333,training
922,100004335,training
923,100004339,training
924,100004346,training
925,100004349,training
926,100004350,training
927,100004351,training
928,100004352,training
929,100004353,training
930,100004354,training
931,100004359,training
932,100004361,training
933,100004364,training
934,100004365,training
935,100004368,training
936,100004376,training
937,100004377,training
938,100004397,training
939,100004398,training
940,100004399,training
941,100004400,training
942,100004402,training
943,100004405,training
944,100004416,training
945,100004418,training
946,100004419,training
947,100004424,training
948,100004432,training
949,100004437,training
950,100004438,training
951,100004442,training
952,100004445,training
953,100004449,training
954,100004451,training
955,100004452,training
956,100004454,training
957,100004459,training
958,100004460,training
959,100004462,training
960,100004465,training
961,100004466,training
962,100004468,training
963,100004470,training
964,100004474,training
965,100004475,training
966,100004478,training
967,100004481,training
968,100004484,training
969,100004485,training
970,100004486,training
971,100004490,training
972,100004491,training
973,100004494,training
974,100004495,training
975,100004499,training
976,100004506,training
977,100004507,training
978,100004513,training
979,100004515,training
980,100004524,training
981,100004527,training
982,100004528,training
983,100004530,training
984,100004531,training
985,100004533,training
986,100004534,training
987,100004541,training
988,100004542,training
989,100004546,training
990,100004547,training
991,100004549,training
992,100004552,training
993,100004556,training
994,100004557,training
995,100004559,training
996,100004560,training
997,100004561,training
998,100004565,training
999,100004569,training
1000,100004572,training
1001,100004573,training
1002,100004577,training
1003,100004583,training
1004,100004587,training
1005,100004598,training
1006,100004606,training
1007,100004607,training
1008,100004608,training
1009,100004609,training
1010,100004627,training
1011,100004629,training
1012,100004633,training
1013,100004636,training
1014,100004637,training
1015,100004638,training
1016,100004639,training
1017,100004648,training
1018,100004661,training
1019,100004663,training
1020,100004665,training
1021,100004666,training
1022,100004672,training
1023,100004674,training
1024,100004676,training
1025,100004680,training
1026,100004683,training
1027,100004685,training
1028,100004686,training
1029,100004687,training
1030,100004688,training
1031,100004703,training
1032,100004712,training
1033,100004720,training
1034,100004722,training
1035,100004725,training
1036,100004744,training
1037,100004745,training
1038,100004747,training
1039,100004751,training
1040,100004752,training
1041,100004753,training
1042,100004756,training
1043,100004760,training
1044,100004767,training
1045,100004768,training
1046,100004769,training
1047,100004771,training
1048,100004772,training
1049,100004775,training
1050,100004777,training
1051,100004778,training
1052,100004785,training
1053,100004786,training
1054,100004787,training
1055,100004789,training
1056,100004794,training
1057,100004801,training
1058,100004803,training
1059,100004805,training
1060,100004808,training
1061,100004810,training
1062,100004830,training
1063,100004831,training
1064,100004833,training
1065,100004834,training
1066,100004836,training
1067,100004837,training
1068,100004838,training
1069,100004839,training
1070,100004845,training
1071,100004847,training
1072,100004851,training
1073,100004854,training
1074,100004863,training
1075,100004866,training
1076,100004870,training
1077,100004872,training
1078,100004873,training
1079,100004878,training
1080,100004879,training
1081,100004882,training
1082,100004885,training
1083,100004891,training
1084,100004899,training
1085,100004900,training
1086,100004909,training
1087,100004913,training
1088,100004916,training
1089,100004917,training
1090,100004925,training
1091,100004927,training
1092,100004932,training
1093,100004933,training
1094,100004937,training
1095,100004940,training
1096,100004943,training
1097,100004945,training
1098,100004946,training
1099,100004951,training
1100,100004956,training
1101,100004957,training
1102,100004960,training
1103,100004961,training
1104,100004962,training
1105,100004965,training
1106,100004966,training
1107,100004967,training
1108,100004972,training
1109,100004980,training
1110,100004986,training
1111,100004989,training
1112,100004990,training
1113,100004992,training
1114,100005000,training
1115,100005002,training
1116,100005004,training
1117,100005005,training
1118,100005006,training
1119,100005008,training
1120,100005009,training
1121,100005025,training
1122,100005029,training
1123,100005030,training
1124,100005036,training
1125,100005042,training
1126,100005043,training
1127,100005044,training
1128,100005045,training
1129,100005047,training
1130,100005050,training
1131,100005051,training
1132,100005052,training
1133,100005053,training
1134,100005055,training
1135,100005059,training
1136,100005061,training
1137,100005062,training
1138,100005063,training
1139,100005065,training
1140,100005071,training
1141,100005074,training
1142,100005075,training
1143,100005083,training
1144,100005087,training
1145,100005094,training
1146,100005095,training
1147,100005099,training
1148,100005100,training
1149,100005104,training
1150,100005107,training
1151,100005111,training
1152,100005112,training
1153,100005114,training
1154,100005124,training
1155,100005125,training
1156,100005126,training
1157,100005127,training
1158,100005128,training
1159,100005129,training
1160,100005132,training
1161,100005133,training
1162,100005137,training
1163,100005140,training
1164,100005142,training
1165,100005146,training
1166,100005148,training
1167,100005150,training
1168,100005151,training
1169,100005153,training
1170,100005154,training
1171,100005158,training
1172,100005159,training
1173,100005164,training
1174,100005165,training
1175,100005168,training
1176,100005169,training
1177,100005170,training
1178,100005175,training
1179,100005177,training
1180,100005179,training
1181,100005182,training
1182,100005183,training
1183,100005186,training
1184,100005197,training
1185,100005202,training
1186,100005203,training
1187,100005204,training
1188,100005205,training
1189,100005206,training
1190,100005210,training
1191,100005211,training
1192,100005214,training
1193,100005215,training
1194,100005227,training
1195,100005237,training
1196,100005240,training
1197,100005248,training
1198,100005252,training
1199,100005261,training
1200,100005264,training
1201,100005268,training
1202,100005270,training
1203,100005272,training
1204,100005280,training
1205,100005290,training
1206,100005296,training
1207,100005299,training
1208,100005318,training
1209,100005334,training
1210,100005335,training
1211,100005336,training
1212,100005339,training
1213,100005340,training
1214,100005341,training
1215,100005344,training
1216,100005346,training
1217,100005347,training
1218,100005350,training
1219,100005359,training
1220,100005361,training
1221,100005371,training
1222,100005382,training
1223,100005389,training
1224,100005397,training
1225,100005407,training
1226,100005412,training
1227,100005414,training
1228,100005416,training
1229,100005421,training
1230,100005427,training
1231,100005431,training
1232,100005432,training
1233,100005433,training
1234,100005436,training
1235,100005438,training
1236,100005450,training
1237,100005452,training
1238,100005462,training
1239,100005467,training
1240,100005470,training
1241,100005471,training
1242,100005477,training
1243,100005484,training
1244,100005488,training
1245,100005494,training
1246,100005496,training
1247,100005501,training
1248,100005503,training
1249,100005506,training
1250,100005507,training
1251,100005510,training
1252,100005514,training
1253,100005519,training
1254,100005522,training
1255,100005526,training
1256,100005527,training
1257,100005530,training
1258,100005533,training
1259,100005535,training
1260,100005544,training
1261,100005546,training
1262,100005547,training
1263,100005551,training
1264,100005554,training
1265,100005555,training
1266,100005556,training
1267,100005570,training
1268,100005575,training
1269,100005589,training
1270,100005590,training
1271,100005603,training
1272,100005606,training
1273,100005607,training
1274,100005614,training
1275,100005626,training
1276,100005629,training
1277,100005630,training
1278,100005634,training
1279,100005640,training
1280,100005648,training
1281,100005653,training
1282,100005654,training
1283,100005662,training
1284,100005668,training
1285,100005670,training
1286,100005671,training
1287,100005687,training
1288,100005688,training
1289,100005694,training
1290,100005697,training
1291,100005699,training
1292,100005703,training
1293,100005707,training
1294,100005711,training
1295,100005731,training
1296,100005735,training
1297,100005742,training
1298,100005747,training
1299,100005750,training
1300,100005762,training
1301,100005775,training
1302,100005778,training
1303,100005780,training
1304,100005788,training
1305,100005790,training
1306,100005793,training
1307,100005795,training
1308,100005797,training
1309,100005809,training
1310,100005817,training
1311,100005821,training
1312,100005823,training
1313,100005825,training
1314,100005838,training
1315,100005841,training
1316,100005845,training
1317,100005866,training
1318,100005867,training
1319,100005879,training
1320,100005882,training
1321,100005884,training
1322,100005885,training
1323,100005886,training
1324,100005888,training
1325,100005894,training
1326,100005902,training
1327,100005903,training
1328,100005906,training
1329,100005908,training
1330,100005936,training
1331,100005937,training
1332,100005941,training
1333,100005943,training
1334,100005944,training
1335,100005951,training
1336,100005974,training
1337,100005975,training
1338,100005987,training
1339,100005989,training
1340,100005994,training
1341,100005999,training
1342,100006004,training
1343,100006023,training
1344,100006029,training
1345,100006030,training
1346,100006031,training
1347,100006034,training
1348,100006035,training
1349,100006038,training
1350,100006043,training
1351,100006044,training
1352,100006045,training
1353,100006048,training
1354,100006058,training
1355,100006063,training
1356,100006064,training
1357,100006074,training
1358,100006076,training
1359,100006078,training
1360,100006079,training
1361,100006089,training
1362,100006091,training
1363,100006092,training
1364,100006095,training
1365,100006096,training
1366,100006100,training
1367,100006103,training
1368,100006107,training
1369,100006108,training
1370,100006111,training
1371,100006116,training
1372,100006119,training
1373,100006125,training
1374,100006128,training
1375,100006135,training
1376,100006138,training
1377,100006140,training
1378,100006143,training
1379,100006147,training
1380,100006151,training
1381,100006157,training
1382,100006170,training
1383,100006173,training
1384,100006178,training
1385,100006188,training
1386,100006194,training
1387,100006201,training
1388,100006204,training
1389,100006206,training
1390,100006209,training
1391,100006212,training
1392,100006219,training
1393,100006223,training
1394,100006225,training
1395,100006228,training
1396,100006239,training
1397,100006244,training
1398,100006245,training
1399,100006250,training
1400,100006251,training
1401,100006255,training
1402,100006257,training
1403,100006260,training
1404,100006261,training
1405,100006274,training
1406,100006285,training
1407,100006292,training
1408,100006307,training
1409,100006330,training
1410,100006334,training
1411,100006339,training
1412,100006347,training
1413,100006348,training
1414,100006349,training
1415,100006350,training
1416,100006355,training
1417,100006359,training
1418,100006362,training
1419,100006365,training
1420,100006367,training
1421,100006368,training
1422,100006371,training
1423,100006372,training
1424,100006375,training
1425,100006384,training
1426,100006386,training
1427,100006397,training
1428,100006399,training
1429,100006402,training
1430,100006407,training
1431,100006408,training
1432,100006418,training
1433,100006423,training
1434,100006424,training
1435,100006427,training
1436,100006432,training
1437,100006436,training
1438,100006441,training
1439,100006446,training
1440,100006452,training
1441,100006456,training
1442,100006458,training
1443,100006459,training
1444,100006464,training
1445,100006466,training
1446,100006472,training
1447,100006475,training
1448,100006478,training
1449,100006479,training
1450,100006482,training
1451,100006488,training
1452,100006489,training
1453,100006491,training
1454,100006492,training
1455,100006495,training
1456,100006496,training
1457,100006499,training
1458,100006503,training
1459,100006504,training
1460,100006506,training
1461,100006510,training
1462,100006512,training
1463,100006518,training
1464,100006522,training
1465,100006526,training
1466,100006530,training
1467,100006534,training
1468,100006536,training
1469,100006538,training
1470,100006540,training
1471,100006554,training
1472,100006557,training
1473,100006566,training
1474,100006568,training
1475,100006591,training
1476,100006593,training
1477,100006605,training
1478,100006611,training
1479,100006619,training
1480,100006636,training
1481,100006640,training
1482,100006644,training
1483,100006653,training
1484,100006654,training
1485,100006660,training
1486,100006667,training
1487,100006674,training
1488,100006681,training
1489,100006682,training
1490,100006685,training
1491,100006686,training
1492,100006691,training
1493,100006692,training
1494,100006695,training
1495,100006697,training
1496,100006703,training
1497,100006707,training
1498,100006717,training
1499,100006726,training
1500,100006729,training
1501,100006732,training
1502,100006733,training
1503,100006736,training
1504,100006737,training
1505,100006738,training
1506,100006748,training
1507,100006751,training
1508,100006753,training
1509,100006754,training
1510,100006761,training
1511,100006763,training
1512,100006767,training
1513,100006770,training
1514,100006779,training
1515,100006781,training
1516,100006786,training
1517,100006795,training
1518,100006798,training
1519,100006799,training
1520,100006811,training
1521,100006816,training
1522,100006818,training
1523,100006827,training
1524,100006828,training
1525,100006830,training
1526,100006833,training
1527,100006834,training
1528,100006835,training
1529,100006836,training
1530,100006837,training
1531,100006840,training
1532,100006842,training
1533,100006843,training
1534,100006845,training
1535,100006848,training
1536,100006850,training
1537,100006855,training
1538,100006857,training
1539,100006858,training
1540,100006859,training
1541,100006866,training
1542,100006871,training
1543,100006883,training
1544,100006904,training
1545,100006911,training
1546,100006933,training
1547,100006960,training
1548,100006988,training
1549,100006991,training
1550,100007023,training
1551,100007024,training
1552,100007037,training
1553,100007057,training
1554,100007062,training
1555,100007063,training
1556,100007103,training
1557,100007115,training
1558,100007116,training
1559,100007132,training
1560,100007139,training
1561,100007144,training
1562,100007149,training
1563,100007172,training
1564,100007179,training
1565,100007190,training
1566,100007191,training
1567,100007201,training
1568,100007213,training
1569,100007214,training
1570,100007218,training
1571,100007219,training
1572,100007250,training
1573,100007260,training
1574,100007265,training
1575,100007273,training
1576,100007281,training
1577,100007283,training
1578,100007284,training
1579,100007306,training
1580,100007309,training
1581,100007311,training
1582,100007326,training
1583,100007330,training
1584,100007340,training
1585,100007341,training
1586,100007380,training
1587,100007396,training
1588,100007400,training
1589,100007416,training
1590,100007423,training
1591,100007440,training
1592,100007441,training
1593,100007448,training
1594,100007462,training
1595,100007480,training
1596,100007505,training
1597,100007510,training
1598,100007512,training
1599,100007517,training
1600,100007539,training
1601,100007555,training
1602,100007561,training
1603,100007566,training
1604,100007569,training
1605,100007570,training
1606,100007581,training
1607,100007582,training
1608,100007584,training
1609,100007585,training
1610,100007586,training
1611,100007588,training
1612,100007590,training
1613,100007591,training
1614,100007594,training
1615,100007595,training
1616,100007597,training
1617,100007598,training
1618,100007599,training
1619,100007600,training
1620,100007615,training
1621,100007623,training
1622,100007642,training
1623,100007643,training
1624,100007648,training
1625,100007663,training
1626,100007669,training
1627,100007673,training
1628,100007679,training
1629,100007686,training
1630,100007689,training
1631,100007697,training
1632,100007701,training
1633,100007737,training
1634,100007741,training
1635,100007745,training
1636,100007748,training
1637,100007751,training
1638,100007758,training
1639,100007763,training
1640,100007768,training
1641,100007771,training
1642,100007774,training
1643,100007776,training
1644,100007777,training
1645,100007784,training
1646,100007792,training
1647,100007793,training
1648,100007798,training
1649,100007800,training
1650,100007822,training
1651,100007835,training
1652,100007840,training
1653,100007842,training
1654,100007874,training
1655,100007883,training
1656,100007885,training
1657,100007886,training
1658,100007893,training
1659,100007899,training
1660,100007910,training
1661,100007914,training
1662,100007915,training
1663,100007930,training
1664,100007937,training
1665,100007949,training
1666,100007953,training
1667,100007954,training
1668,100007959,training
1669,100007960,training
1670,100007971,training
1671,100007981,training
1672,100007982,training
1673,100007985,training
1674,100008008,training
1675,100008031,training
1676,100008066,training
1677,100008151,training
1678,100008168,training
1679,100008173,training
1680,100008176,training
1681,100008187,training
1682,100008189,training
1683,100008214,training
1684,100008217,training
1685,100008227,training
1686,100008229,training
1687,100008237,training
1688,100008257,training
1689,100008267,training
1690,100008273,training
1691,100008280,training
1692,100008283,training
1693,100008287,training
1694,100008295,training
1695,100008297,training
1696,100008298,training
1697,100008299,training
1698,100008319,training
1699,100008320,training
1700,100008336,training
1701,100008338,training
1702,100008339,training
1703,100008351,training
1704,100008363,training
1705,100008383,training
1706,100008384,training
1707,100008395,training
1708,100008396,training
1709,100008408,training
1710,100008424,training
1711,100008434,training
1712,100008436,training
1713,100008437,training
1714,100008445,training
1715,100008457,training
1716,100008461,training
1717,100008485,training
1718,100008499,training
1719,100008522,training
1720,100008549,training
1721,100008598,training
1722,100008602,training
1723,100008606,training
1724,100008619,training
1725,100008630,training
1726,100008653,training
1727,100008660,training
1728,100008661,training
1729,100008668,training
1730,100008676,training
1731,100008682,training
1732,100008687,training
1733,100008702,training
1734,100008737,training
1735,100008765,training
1736,100008770,training
1737,100008776,training
1738,100008799,training
1739,100008803,training
1740,100008818,training
1741,100008822,training
1742,100008823,training
1743,100008845,training
1744,100008848,training
1745,100008851,training
1746,100008865,training
1747,100008877,training
1748,100008890,training
1749,100008895,training
1750,100008904,training
1751,100008905,training
1752,100008921,training
1753,100008923,training
1754,100008931,training
1755,100008952,training
1756,100008962,training
1757,100008966,training
1758,100008968,training
1759,100008973,training
1760,100008975,training
1761,100008976,training
1762,100008980,training
1763,100008983,training
1764,100008990,training
1765,100008992,training
1766,100008994,training
1767,100008996,training
1768,100008997,training
1769,100009015,training
1770,100009016,training
1771,100009017,training
1772,100009023,training
1773,100009028,training
1774,100009031,training
1775,100009036,training
1776,100009055,training
1777,100009059,training
1778,100009060,training
1779,100009068,training
1780,100009072,training
1781,100009078,training
1782,100009085,training
1783,100009089,training
1784,100009102,training
1785,100009104,training
1786,100009106,training
1787,100009110,training
1788,100009113,training
1789,100009116,training
1790,100009121,training
1791,100009124,training
1792,100009127,training
1793,100009131,training
1794,100009136,training
1795,100009138,training
1796,100009141,training
1797,100009159,training
1798,100009161,training
1799,100009171,training
1800,100009178,training
1801,100009194,training
1802,100009200,training
1803,100009220,training
1804,100009222,training
1805,100009225,training
1806,100009242,training
1807,100009243,training
1808,100009255,training
1809,100009258,training
1810,100009265,training
1811,100009269,training
1812,100009270,training
1813,100009280,training
1814,100009294,training
1815,100009301,training
1816,100009302,training
1817,100009307,training
1818,100009309,training
1819,100009318,training
1820,100009320,training
1821,100009321,training
1822,100009329,training
1823,100009343,training
1824,100009346,training
1825,100009352,training
1826,100009356,training
1827,100009358,training
1828,100009359,training
1829,100009361,training
1830,100009364,training
1831,100009371,training
1832,100009375,training
1833,100009382,training
1834,100009383,training
1835,100009384,training
1836,100009396,training
1837,100009397,training
1838,100009398,training
1839,100009405,training
1840,100009412,training
1841,100009426,training
1842,100009427,training
1843,100009429,training
1844,100009433,training
1845,100009448,training
1846,100009449,training
1847,100009452,training
1848,100009459,training
1849,100009464,training
1850,100009483,training
1851,100009484,training
1852,100009494,training
1853,100009495,training
1854,100009499,training
1855,100009513,training
1856,100009518,training
1857,100009519,training
1858,100009521,training
1859,100009527,training
1860,100009530,training
1861,100009532,training
1862,100009534,training
1863,100009539,training
1864,100009543,training
1865,100009559,training
1866,100009564,training
1867,100009565,training
1868,100009566,training
1869,100009571,training
1870,100009583,training
1871,100009596,training
1872,100009603,training
1873,100009604,training
1874,100009612,training
1875,100009613,training
1876,100009618,training
1877,100009626,training
1878,100009628,training
1879,100009630,training
1880,100009633,training
1881,100009635,training
1882,100009641,training
1883,100009642,training
1884,100009645,training
1885,100009646,training
1886,100009647,training
1887,100009649,training
1888,100009658,training
1889,100009660,training
1890,100009680,training
1891,100009683,training
1892,100009684,training
1893,100009691,training
1894,100009694,training
1895,100009716,training
1896,100009721,training
1897,100009729,training
1898,100009730,training
1899,100009734,training
1900,100009737,training
1901,100009761,training
1902,100009785,training
1903,100009801,training
1904,100009830,training
1905,100009850,training
1906,100009851,training
1907,100009855,training
1908,100009857,training
1909,100009861,training
1910,100009879,training
1911,100009885,training
1912,100009886,training
1913,100009890,training
1914,100009893,training
1915,100009908,training
1916,100009910,training
1917,100009912,training
1918,100009913,training
1919,100009916,training
1920,100009917,training
1921,100009927,training
1922,100009937,training
1923,100009946,training
1924,100009953,training
1925,100009954,training
1926,100009955,training
1927,100009961,training
1928,100009965,training
1929,100009977,training
1930,100009984,training
1931,100009993,training
1932,100009994,training
1933,100010000,training
1934,100010015,training
1935,100010018,training
1936,100010019,training
1937,100010038,training
1938,100010044,training
1939,100010053,training
1940,100010057,training
1941,100010067,training
1942,100010075,training
1943,100010081,training
1944,100010089,training
1945,100010090,training
1946,100010092,training
1947,100010093,training
1948,100010098,training
1949,100010104,training
1950,100010110,training
1951,100010114,training
1952,100010119,training
1953,100010127,training
1954,100010133,training
1955,100010138,training
1956,100010140,training
1957,100010145,training
1958,100010149,training
1959,100010154,training
1960,100010160,training
1961,100010161,training
1962,100010166,training
1963,100010178,training
1964,100010185,training
1965,100010188,training
1966,100010189,training
1967,100010191,training
1968,100010196,training
1969,100010207,training
1970,100010213,training
1971,100010215,training
1972,100010222,training
1973,100010223,training
1974,100010233,training
1975,100010238,training
1976,100010240,training
1977,100010241,training
1978,100010297,training
1979,100010303,training
1980,100010318,training
1981,100010327,training
1982,100010332,training
1983,100010347,training
1984,100010349,training
1985,100010352,training
1986,100010369,training
1987,100010371,training
1988,100010376,training
1989,100010386,training
1990,100010387,training
1991,100010390,training
1992,100010412,training
1993,100010420,training
1994,100010421,training
1995,100010434,training
1996,100010444,training
1997,100010458,training
1998,100010465,training
1999,100010467,training
2000,100010468,training
2001,100010470,training
2002,100010484,training
2003,100010489,training
2004,100010490,training
2005,100010494,training
2006,100010500,training
2007,100010520,training
2008,100010539,training
2009,100010544,training
2010,100010547,training
2011,100010548,training
2012,100010553,training
2013,100010557,training
2014,100010568,training
2015,100010571,training
2016,100010591,training
2017,100010600,training
2018,100010682,training
2019,100010694,training
2020,100010695,training
2021,100010696,training
2022,100010697,training
2023,100010698,training
2024,100010708,training
2025,100010718,training
2026,100010725,training
2027,100010728,training
2028,100010731,training
2029,100010735,training
2030,100010743,training
2031,100010747,training
2032,100010749,training
2033,100010753,training
2034,100010756,training
2035,100010765,training
2036,100010766,training
2037,100010771,training
2038,100010775,training
2039,100010780,training
2040,100010793,training
2041,100010798,training
2042,100010803,training
2043,100010814,training
2044,100010815,training
2045,100010817,training
2046,100010818,training
2047,100010821,training
2048,100010827,training
2049,100010845,training
2050,100010851,training
2051,100010865,training
2052,100010867,training
2053,100010874,training
2054,100010880,training
2055,100010885,training
2056,100010897,training
2057,100010900,training
2058,100010904,training
2059,100010906,training
2060,100010908,training
2061,100010912,training
2062,100010931,training
2063,100010933,training
2064,100010934,training
2065,100010937,training
2066,100010942,training
2067,100010947,training
2068,100010958,training
2069,100010959,training
2070,100010972,training
2071,100010975,training
2072,100010998,training
2073,100011006,training
2074,100011017,training
2075,100011021,training
2076,100011029,training
2077,100011044,training
2078,100011055,training
2079,100011056,training
2080,100011057,training
2081,100011062,training
2082,100011076,training
2083,100011082,training
2084,100011084,training
2085,100011088,training
2086,100011099,training
2087,100011109,training
2088,100011118,training
2089,100011122,training
2090,100011125,training
2091,100011136,training
2092,100011140,training
2093,100011141,training
2094,100011146,training
2095,100011150,training
2096,100011158,training
2097,100011160,training
2098,100011166,training
2099,100011167,training
2100,100011173,training
2101,100011200,training
2102,100011201,training
2103,100011215,training
2104,100011218,training
2105,100011224,training
2106,100011225,training
2107,100011226,training
2108,100011234,training
2109,100011239,training
2110,100011240,training
2111,100011244,training
2112,100011247,training
2113,100011262,training
2114,100011263,training
2115,100011266,training
2116,100011273,training
2117,100011274,training
2118,100011275,training
2119,100011279,training
2120,100011284,training
2121,100011298,training
2122,100011310,training
2123,100011311,training
2124,100011316,training
2125,100011329,training
2126,100011333,training
2127,100011335,training
2128,100011344,training
2129,100011348,training
2130,100011357,training
2131,100011370,training
2132,100011395,training
2133,100011396,training
2134,100011398,training
2135,100011399,training
2136,100011414,training
2137,100011437,training
2138,100011440,training
2139,100011446,training
2140,100011459,training
2141,100011466,training
2142,100011473,training
2143,100011507,training
2144,100011509,training
2145,100011511,training
2146,100011519,training
2147,100011528,training
2148,100011553,training
2149,100011565,training
2150,100011574,training
2151,100011578,training
2152,100011583,training
2153,100011589,training
2154,100011596,training
2155,100011601,training
2156,100011603,training
2157,100011605,training
2158,100011607,training
2159,100011618,training
2160,100011623,training
2161,100011625,training
2162,100011637,training
2163,100011638,training
2164,100011646,training
2165,100011648,training
2166,100011663,training
2167,100011671,training
2168,100011683,training
2169,100011694,training
2170,100011701,training
2171,100011709,training
2172,100011710,training
2173,100011711,training
2174,100011712,training
2175,100011719,training
2176,100011728,training
2177,100011729,training
2178,100011753,training
2179,100011756,training
2180,100011770,training
2181,100011782,training
2182,100011790,training
2183,100011792,training
2184,100011804,training
2185,100011835,training
2186,100011837,training
2187,100011841,training
2188,100011843,training
2189,100011852,training
2190,100011856,training
2191,100011874,training
2192,100011882,training
2193,100011899,training
2194,100011908,training
2195,100011912,training
2196,100011916,training
2197,100011917,training
2198,100011922,training
2199,100011938,training
2200,100011941,training
2201,100011943,training
2202,100011961,training
2203,100011962,training
2204,100011964,training
2205,100011966,training
2206,100011970,training
2207,100011971,training
2208,100011972,training
2209,100011975,training
2210,100011977,training
2211,100011979,training
2212,100011982,training
2213,100011983,training
2214,100011987,training
2215,100011991,training
2216,100012001,training
2217,100012011,training
2218,100012016,training
2219,100012027,training
2220,100012029,training
2221,100012032,training
2222,100012034,training
2223,100012037,training
2224,100012040,training
2225,100012042,training
2226,100012052,training
2227,100012062,training
2228,100012072,training
2229,100012076,training
2230,100012082,training
2231,100012088,training
2232,100012090,training
2233,100012091,training
2234,100012098,training
2235,100012116,training
2236,100012142,training
2237,100012144,training
2238,100012156,training
2239,100012158,training
2240,100012166,training
2241,100012176,training
2242,100012181,training
2243,100012192,training
2244,100012196,training
2245,100012202,training
2246,100012210,training
2247,100012213,training
2248,100012217,training
2249,100012226,training
2250,100012229,training
2251,100012231,training
2252,100012257,training
2253,100012268,training
2254,100012292,training
2255,100012299,training
2256,100012318,training
2257,100012322,training
2258,100012328,training
2259,100012333,training
2260,100012349,training
2261,100012353,training
2262,100012360,training
2263,100012365,training
2264,100012370,training
2265,100012374,training
2266,100012380,training
2267,100012398,training
2268,100012404,training
2269,100012446,training
2270,100012464,training
2271,100012475,training
2272,100012479,training
2273,100012480,training
2274,100012482,training
2275,100012487,training
2276,100012489,training
2277,100012495,training
2278,100012511,training
2279,100012514,training
2280,100012517,training
2281,100012520,training
2282,100012533,training
2283,100012541,training
2284,100012563,training
2285,100012565,training
2286,100012572,training
2287,100012579,training
2288,100012580,training
2289,100012588,training
2290,100012601,training
2291,100012606,training
2292,100012609,training
2293,100012633,training
2294,100012637,training
2295,100012641,training
2296,100012643,training
2297,100012648,training
2298,100012651,training
2299,100012652,training
2300,100012657,training
2301,100012662,training
2302,100012673,training
2303,100012693,training
2304,100012707,training
2305,100012709,training
2306,100012723,training
2307,100012728,training
2308,100012733,training
2309,100012748,training
2310,100012767,training
2311,100012768,training
2312,100012771,training
2313,100012781,training
2314,100012787,training
2315,100012790,training
2316,100012795,training
2317,100012814,training
2318,100012819,training
2319,100012820,training
2320,100012823,training
2321,100012826,training
2322,100012870,training
2323,100012873,training
2324,100012878,training
2325,100012881,training
2326,100012886,training
2327,100012897,training
2328,100013123,training
2329,100013136,training
2330,100013139,training
2331,100013142,training
2332,100013176,training
2333,100013181,training
2334,100013192,training
2335,100013193,training
2336,100013195,training
2337,100013217,training
2338,100013221,training
2339,100013223,training
2340,100013234,training
2341,100013237,training
2342,100013249,training
2343,100013257,training
2344,100013258,training
2345,100013263,training
2346,100013265,training
2347,100013268,training
2348,100013271,training
2349,100013275,training
2350,100013279,training
2351,100013295,training
2352,100013308,training
2353,100013314,training
2354,100013324,training
2355,100013335,training
2356,100013350,training
2357,100013353,training
2358,100013355,training
2359,100013372,training
2360,100013384,training
2361,100013391,training
2362,100013400,training
2363,100013427,training
2364,100013435,training
2365,100013436,training
2366,100013441,training
2367,100013451,training
2368,100013453,training
2369,100013491,training
2370,100013503,training
2371,100013507,training
2372,100013508,training
2373,100013511,training
2374,100013525,training
2375,100013526,training
2376,100013528,training
2377,100013529,training
2378,100013530,training
2379,100013532,training
2380,100013533,training
2381,100013536,training
2382,100013538,training
2383,100013539,training
2384,100013540,training
2385,100013542,training
2386,100013579,training
2387,100013619,training
2388,100013653,training
2389,100013664,training
2390,100013672,training
2391,100013684,training
2392,100013686,training
2393,100013695,training
2394,100013698,training
2395,100013701,training
2396,100013712,training
2397,100013717,training
2398,100013718,training
2399,100013722,training
2400,100013726,training
2401,100013729,training
2402,100013736,training
2403,100013737,training
2404,100013740,training
2405,100013746,training
2406,100013747,training
2407,100013758,training
2408,100013761,training
2409,100013765,training
2410,100013766,training
2411,100013768,training
2412,100013777,training
2413,100013778,training
2414,100013795,training
2415,100013806,training
2416,100013812,training
2417,100013829,training
2418,100013856,training
2419,100013865,training
2420,100013874,training
2421,100013890,training
2422,100013892,training
2423,100013906,training
2424,100013911,training
2425,100013922,training
2426,100013931,training
2427,100013940,training
2428,100013944,training
2429,100013949,training
2430,100013953,training
2431,100013955,training
2432,100013957,training
2433,100013961,training
2434,100013978,training
2435,100013984,training
2436,100013994,training
2437,100013995,training
2438,100013997,training
2439,100014003,training
2440,100014014,training
2441,100014019,training
2442,100014021,training
2443,100014023,training
2444,100014058,training
2445,100014098,training
2446,100014118,training
2447,100014119,training
2448,100014128,training
2449,100014147,training
2450,100014150,training
2451,100014196,training
2452,100014220,training
2453,100014227,training
2454,100014228,training
2455,100014235,training
2456,100014237,training
2457,100014243,training
2458,100014250,training
2459,100014261,training
2460,100014263,training
2461,100014266,training
2462,100014286,training
2463,100014318,training
2464,100014321,training
2465,100014341,training
2466,100014349,training
2467,100014369,training
2468,100014372,training
2469,100014377,training
2470,100014388,training
2471,100014390,training
2472,100014395,training
2473,100014397,training
2474,100014404,training
2475,100014425,training
2476,100014428,training
2477,100014435,training
2478,100014447,training
2479,100014453,training
2480,100014457,training
2481,100014467,training
2482,100014470,training
2483,100014471,training
2484,100014475,training
2485,100014485,training
2486,100014495,training
2487,100014507,training
2488,100014516,training
2489,100014524,training
2490,100014531,training
2491,100014546,training
2492,100014574,training
2493,100014597,training
2494,100014603,training
2495,100014608,training
2496,100014614,training
2497,100014620,training
2498,100014621,training
2499,100014640,training
2500,100014649,training
2501,100014667,training
2502,100014672,training
2503,100014680,training
2504,100014704,training
2505,100014705,training
2506,100014714,training
2507,100014717,training
2508,100014718,training
2509,100014720,training
2510,100014722,training
2511,100014723,training
2512,100014727,training
2513,100014750,training
2514,100014785,training
2515,100014811,training
2516,100014812,training
2517,100014813,training
2518,100014818,training
2519,100014830,training
2520,100014840,training
2521,100014841,training
2522,100014844,training
2523,100014848,training
2524,100014851,training
2525,100014857,training
2526,100014867,training
2527,100014871,training
2528,100014877,training
2529,100014895,training
2530,100014903,training
2531,100014924,training
2532,100014931,training
2533,100014935,training
2534,100014962,training
2535,100014968,training
2536,100014980,training
2537,100014998,training
2538,100015002,training
2539,100015009,training
2540,100015033,training
2541,100015043,training
2542,100015063,training
2543,100015066,training
2544,100015067,training
2545,100015081,training
2546,100015083,training
2547,100015088,training
2548,100015089,training
2549,100015095,training
2550,100015099,training
2551,100015121,training
2552,100015131,training
2553,100015148,training
2554,100015164,training
2555,100015171,training
2556,100015174,training
2557,100015184,training
2558,100015188,training
2559,100015203,training
2560,100015204,training
2561,100015216,training
2562,100015220,training
2563,100015221,training
2564,100015264,training
2565,100015265,training
2566,100015278,training
2567,100015281,training
2568,100015285,training
2569,100015332,training
2570,100015351,training
2571,100015370,training
2572,100015377,training
2573,100015381,training
2574,100015382,training
2575,100015383,training
2576,100015406,training
2577,100015422,training
2578,100015425,training
2579,100015430,training
2580,100015436,training
2581,100015459,training
2582,100015460,training
2583,100015480,training
2584,100015483,training
2585,100015517,training
2586,100015518,training
2587,100015542,training
2588,100015545,training
2589,100015553,training
2590,100015557,training
2591,100015558,training
2592,100015564,training
2593,100015566,training
2594,100015571,training
2595,100015579,training
2596,100015592,training
2597,100015602,training
2598,100015610,training
2599,100015632,training
2600,100015640,training
2601,100015646,training
2602,100015683,training
2603,100015688,training
2604,100015693,training
2605,100015711,training
2606,100015734,training
2607,100015737,training
2608,100015738,training
2609,100015751,training
2610,100015833,training
2611,100015850,training
2612,100015851,training
2613,100015865,training
2614,100015869,training
2615,100015871,training
2616,100015872,training
2617,100015878,training
2618,100015879,training
2619,100015882,training
2620,100015886,training
2621,100015890,training
2622,100015891,training
2623,100015892,training
2624,100015893,training
2625,100015897,training
2626,100015898,training
2627,100015903,training
2628,100015908,training
2629,100015917,training
2630,100015934,training
2631,100015939,training
2632,100015960,training
2633,100015961,training
2634,100015964,training
2635,100015965,training
2636,100015980,training
2637,100016014,training
2638,100016016,training
2639,100016020,training
2640,100016024,training
2641,100016033,training
2642,100016101,training
2643,100016106,training
2644,100016110,training
2645,100016118,training
2646,100016139,training
2647,100016144,training
2648,100016147,training
2649,100016151,training
2650,100016158,training
2651,100016167,training
2652,100016172,training
2653,100016175,training
2654,100016187,training
2655,100016195,training
2656,100016216,training
2657,100016217,training
2658,100016220,training
2659,100016228,training
2660,100016229,training
2661,100016232,training
2662,100016234,training
2663,100016246,training
2664,100016254,training
2665,100016255,training
2666,100016256,training
2667,100016267,training
2668,100016272,training
2669,100016277,training
2670,100016336,training
2671,100016347,training
2672,100016369,training
2673,100016381,training
2674,100016384,training
2675,100016386,training
2676,100016395,training
2677,100016425,training
2678,100016433,training
2679,100016447,training
2680,100016456,training
2681,100016460,training
2682,100016464,training
2683,100016466,training
2684,100016470,training
2685,100016475,training
2686,100016482,training
2687,100016486,training
2688,100016487,training
2689,100016492,training
2690,100016494,training
2691,100016520,training
2692,100016527,training
2693,100016531,training
2694,100016534,training
2695,100016535,training
2696,100016537,training
2697,100016540,training
2698,100016554,training
2699,100016561,training
2700,100016563,training
2701,100016580,training
2702,100016617,training
2703,100016623,training
2704,100016635,training
2705,100016646,training
2706,100016650,training
2707,100016668,training
2708,100016691,training
2709,100016700,training
2710,100016738,training
2711,100016749,training
2712,100016752,training
2713,100016768,training
2714,100016769,training
2715,100016772,training
2716,100016775,training
2717,100016816,training
2718,100016819,training
2719,100016820,training
2720,100016822,training
2721,100016824,training
2722,100016831,training
2723,100016832,training
2724,100016841,training
2725,100016844,training
2726,100016910,training
2727,100016932,training
2728,100016934,training
2729,100016940,training
2730,100016949,training
2731,100016951,training
2732,100016967,training
2733,100017006,training
2734,100017010,training
2735,100017017,training
2736,100017018,training
2737,100017024,training
2738,100017027,training
2739,100017048,training
2740,100017051,training
2741,100017056,training
2742,100017059,training
2743,100017060,training
2744,100017068,training
2745,100017073,training
2746,100017087,training
2747,100017092,training
2748,100017093,training
2749,100017095,training
2750,100017098,training
2751,100017102,training
2752,100017104,training
2753,100017110,training
2754,100017130,training
2755,100017133,training
2756,100017136,training
2757,100017139,training
2758,100017143,training
2759,100017148,training
2760,100017179,training
2761,100017218,training
2762,100017222,training
2763,100017226,training
2764,100017232,training
2765,100017233,training
2766,100017247,training
2767,100017269,training
2768,100017274,training
2769,100017279,training
2770,100017303,training
2771,100017304,training
2772,100017307,training
2773,100017310,training
2774,100017322,training
2775,100017323,training
2776,100017344,training
2777,100017367,training
2778,100017371,training
2779,100017378,training
2780,100017429,training
2781,100017441,training
2782,100017451,training
2783,100017477,training
2784,100017478,training
2785,100017480,training
2786,100017487,training
2787,100017500,training
2788,100017514,training
2789,100017516,training
2790,100017518,training
2791,100017536,training
2792,100017552,training
2793,100017554,training
2794,100017575,training
2795,100017581,training
2796,100017585,training
2797,100017591,training
2798,100017595,training
2799,100017644,training
2800,100017651,training
2801,100017670,training
2802,100017672,training
2803,100017675,training
2804,100017680,training
2805,100017689,training
2806,100017701,training
2807,100017714,training
2808,100017740,training
2809,100017744,training
2810,100017748,training
2811,100017749,training
2812,100017759,training
2813,100017800,training
2814,100017803,training
2815,100017813,training
2816,100017821,training
2817,100017823,training
2818,100017826,training
2819,100017836,training
2820,100017841,training
2821,100017844,training
2822,100017853,training
2823,100017864,training
2824,100017868,training
2825,100017869,training
2826,100017889,training
2827,100017898,training
2828,100017911,training
2829,100017914,training
2830,100017943,training
2831,100017945,training
2832,100017949,training
2833,100017964,training
2834,100018019,training
2835,100018031,training
2836,100018053,training
2837,100018056,training
2838,100018059,training
2839,100018078,training
2840,100018085,training
2841,100018091,training
2842,100018113,training
2843,100018115,training
2844,100018126,training
2845,100018127,training
2846,100018136,training
2847,100018137,training
2848,100018140,training
2849,100018151,training
2850,100018152,training
2851,100018156,training
2852,100018158,training
2853,100018159,training
2854,100018163,training
2855,100018176,training
2856,100018180,training
2857,100018181,training
2858,100018182,training
2859,100018196,training
2860,100018200,training
2861,100018215,training
2862,100018227,training
2863,100018228,training
2864,100018236,training
2865,100018240,training
2866,100018247,training
2867,100018257,training
2868,100018262,training
2869,100018276,training
2870,100018309,training
2871,100018323,training
2872,100018336,training
2873,100018364,training
2874,100018370,training
2875,100018376,training
2876,100018378,training
2877,100018381,training
2878,100018389,training
2879,100018473,training
2880,100018516,training
2881,100018521,training
2882,100018522,training
2883,100018530,training
2884,100018532,training
2885,100018575,training
2886,100018576,training
2887,100018591,training
2888,100018594,training
2889,100018608,training
2890,100018613,training
2891,100018618,training
2892,100018622,training
2893,100018626,training
2894,100018639,training
2895,100018642,training
2896,100018658,training
2897,100018665,training
2898,100018691,training
2899,100018697,training
2900,100018707,training
2901,100018719,training
2902,100018724,training
2903,100018726,training
2904,100018731,training
2905,100018733,training
2906,100018734,training
2907,100018737,training
2908,100018739,training
2909,100018740,training
2910,100018741,training
2911,100018747,training
2912,100018758,training
2913,100018775,training
2914,100018780,training
2915,100018788,training
2916,100018809,training
2917,100018813,training
2918,100018820,training
2919,100018821,training
2920,100018879,training
2921,100018893,training
2922,100018906,training
2923,100018907,training
2924,100018916,training
2925,100018921,training
2926,100018942,training
2927,100018944,training
2928,100018962,training
2929,100018975,training
2930,100018977,training
2931,100019011,training
2932,100019014,training
2933,100019033,training
2934,100019038,training
2935,100019053,training
2936,100019078,training
2937,100019096,training
2938,100019116,training
2939,100019117,training
2940,100019126,training
2941,100019131,training
2942,100019135,training
2943,100019136,training
2944,100019140,training
2945,100019141,training
2946,100019147,training
2947,100019153,training
2948,100019161,training
2949,100019162,training
2950,100019168,training
2951,100019172,training
2952,100019190,training
2953,100019194,training
2954,100019196,training
2955,100019201,training
2956,100019206,training
2957,100019211,training
2958,100019222,training
2959,100019228,training
2960,100019234,training
2961,100019237,training
2962,100019247,training
2963,100019250,training
2964,100019255,training
2965,100019259,training
2966,100019268,training
2967,100019288,training
2968,100019291,training
2969,100019302,training
2970,100019310,training
2971,100019314,training
2972,100019316,training
2973,100019324,training
2974,100019326,training
2975,100019334,training
2976,100019363,training
2977,100019380,training
2978,100019382,training
2979,100019393,training
2980,100019395,training
2981,100019399,training
2982,100019403,training
2983,100019406,training
2984,100019407,training
2985,100019422,training
2986,100019426,training
2987,100019432,training
2988,100019441,training
2989,100019462,training
2990,100019488,training
2991,100019494,training
2992,100019513,training
2993,100019516,training
2994,100019519,training
2995,100019532,training
2996,100019583,training
2997,100019587,training
2998,100019588,training
2999,100019595,training
3000,100019610,training
3001,100019612,training
3002,100019617,training
3003,100019620,training
3004,100019623,training
3005,100019628,training
3006,100019630,training
3007,100019632,training
3008,100019633,training
3009,100019639,training
3010,100019641,training
3011,100019647,training
3012,100019653,training
3013,100019659,training
3014,100019662,training
3015,100019693,training
3016,100019696,training
3017,100019705,training
3018,100019714,training
3019,100019750,training
3020,100019757,training
3021,100019762,training
3022,100019772,training
3023,100019779,training
3024,100019833,training
3025,100019836,training
3026,100019837,training
3027,100019851,training
3028,100019852,training
3029,100019853,training
3030,100019856,training
3031,100019863,training
3032,100019865,training
3033,100019867,training
3034,100019868,training
3035,100019880,training
3036,100019882,training
3037,100019888,training
3038,100019899,training
3039,100019900,training
3040,100019989,training
3041,100019998,training
3042,100020013,training
3043,100020016,training
3044,100020017,training
3045,100020023,training
3046,100020029,training
3047,100020037,training
3048,100020042,training
3049,100020063,training
3050,100020068,training
3051,100020069,training
3052,100020073,training
3053,100020075,training
3054,100020077,training
3055,100020089,training
3056,100020091,training
3057,100020095,training
3058,100020114,training
3059,100020145,training
3060,100020149,training
3061,100020160,training
3062,100020166,training
3063,100020189,training
3064,100020193,training
3065,100020203,training
3066,100020211,training
3067,100020234,training
3068,100020237,training
3069,100020245,training
3070,100020250,training
3071,100020260,training
3072,100020267,training
3073,100020270,training
3074,100020274,training
3075,100020275,training
3076,100020277,training
3077,100020279,training
3078,100020281,training
3079,100020303,training
3080,100020323,training
3081,100020337,training
3082,100020368,training
3083,100020369,training
3084,100020393,training
3085,100020404,training
3086,100020425,training
3087,100020429,training
3088,100020432,training
3089,100020445,training
3090,100020450,training
3091,100020462,training
3092,100020465,training
3093,100020484,training
3094,100020488,training
3095,100020495,training
3096,100020497,training
3097,100020502,training
3098,100020505,training
3099,100020509,training
3100,100020519,training
3101,100020521,training
3102,100020552,training
3103,100020557,training
3104,100020560,training
3105,100020562,training
3106,100020570,training
3107,100020577,training
3108,100020584,training
3109,100020639,training
3110,100020678,training
3111,100020690,training
3112,100020691,training
3113,100020694,training
3114,100020695,training
3115,100020698,training
3116,100020701,training
3117,100020703,training
3118,100020704,training
3119,100020711,training
3120,100020713,training
3121,100020715,training
3122,100020720,training
3123,100020725,training
3124,100020730,training
3125,100020731,training
3126,100020734,training
3127,100020740,training
3128,100020742,training
3129,100020743,training
3130,100020751,training
3131,100020753,training
3132,100020756,training
3133,100020765,training
3134,100020766,training
3135,100020769,training
3136,100020781,training
3137,100020819,training
3138,100020836,training
3139,100020842,training
3140,100020864,training
3141,100020871,training
3142,100020876,training
3143,100020923,training
3144,100020933,training
3145,100020936,training
3146,100020958,training
3147,100020964,training
3148,100020968,training
3149,100020971,training
3150,100020998,training
3151,100020999,training
3152,100021000,training
3153,100021006,training
3154,100021013,training
3155,100021015,training
3156,100021042,training
3157,100021046,training
3158,100021049,training
3159,100021050,training
3160,100021051,training
3161,100021058,training
3162,100021069,training
3163,100021097,training
3164,100021114,training
3165,100021122,training
3166,100021153,training
3167,100021178,training
3168,100021181,training
3169,100021185,training
3170,100021191,training
3171,100021197,training
3172,100021207,training
3173,100021209,training
3174,100021214,training
3175,100021248,training
3176,100021250,training
3177,100021268,training
3178,100021272,training
3179,100021277,training
3180,100021280,training
3181,100021288,training
3182,100021306,training
3183,100021311,training
3184,100021314,training
3185,100021322,training
3186,100021390,training
3187,100021398,training
3188,100021406,training
3189,100021410,training
3190,100021417,training
3191,100021423,training
3192,100021425,training
3193,100021447,training
3194,100021449,training
3195,100021460,training
3196,100021477,training
3197,100021500,training
3198,100021503,training
3199,100021504,training
3200,100021529,training
3201,100021560,training
3202,100021562,training
3203,100021565,training
3204,100021572,training
3205,100021618,training
3206,100021645,training
3207,100021646,training
3208,100021652,training
3209,100021660,training
3210,100021670,training
3211,100021672,training
3212,100021702,training
3213,100021707,training
3214,100021719,training
3215,100021724,training
3216,100021728,training
3217,100021729,training
3218,100021731,training
3219,100021741,training
3220,100021750,training
3221,100021783,training
3222,100021790,training
3223,100021807,training
3224,100021808,training
3225,100021811,training
3226,100021820,training
3227,100021821,training
3228,100021828,training
3229,100021854,training
3230,100021865,training
3231,100021883,training
3232,100021903,training
3233,100021914,training
3234,100021937,training
3235,100021944,training
3236,100021965,training
3237,100021977,training
3238,100021985,training
3239,100021990,training
3240,100022033,training
3241,100022040,training
3242,100022061,training
3243,100022067,training
3244,100022101,training
3245,100022105,training
3246,100022107,training
3247,100022167,training
3248,100022189,training
3249,100022205,training
3250,100022209,training
3251,100022232,training
3252,100022238,training
3253,100022251,training
3254,100022267,training
3255,100022268,training
3256,100022269,training
3257,100022271,training
3258,100022277,training
3259,100022280,training
3260,100022312,training
3261,100022313,training
3262,100022339,training
3263,100022365,training
3264,100022366,training
3265,100022382,training
3266,100022392,training
3267,100022422,training
3268,100022430,training
3269,100022466,training
3270,100022482,training
3271,100022486,training
3272,100022487,training
3273,100022497,training
3274,100022514,training
3275,100022516,training
3276,100022519,training
3277,100022545,training
3278,100022548,training
3279,100022551,training
3280,100022570,training
3281,100022584,training
3282,100022586,training
3283,100022625,training
3284,100022681,training
3285,100022702,training
3286,100022716,training
3287,100022725,training
3288,100022769,training
3289,100022803,training
3290,100022851,training
3291,100022855,training
3292,100022875,training
3293,100022894,training
3294,100022897,training
3295,100022936,training
3296,100022942,training
3297,100022957,training
3298,100022976,training
3299,100022988,training
3300,100022989,training
3301,100023029,training
3302,100023032,training
3303,100023051,training
3304,100023054,training
3305,100023103,training
3306,100023122,training
3307,100023137,training
3308,100023148,training
3309,100023170,training
3310,100023187,training
3311,100023193,training
3312,100023215,training
3313,100023217,training
3314,100023225,training
3315,100023229,training
3316,100023244,training
3317,100023246,training
3318,100023274,training
3319,100023299,training
3320,100023311,training
3321,100023341,training
3322,100023380,training
3323,100023397,training
3324,100023413,training
3325,100023425,training
3326,100023432,training
3327,100023474,training
3328,100023475,training
3329,100023493,training
3330,100023514,training
3331,100023517,training
3332,100023519,training
3333,100023520,training
3334,100023521,training
3335,100023523,training
3336,100023524,training
3337,100023525,training
3338,100023526,training
3339,100023527,training
3340,100023529,training
3341,100023530,training
3342,100023531,training
3343,100023533,training
3344,100023534,training
3345,100023536,training
3346,100023538,training
3347,100023557,training
3348,100023563,training
3349,100023566,training
3350,100023594,training
3351,100023624,training
3352,100023642,training
3353,100023649,training
3354,100023650,training
3355,100023699,training
3356,100023704,training
3357,100023711,training
3358,100023713,training
3359,100023745,training
3360,100023780,training
3361,100023783,training
3362,100023792,training
3363,100023796,training
3364,100023801,training
3365,100023807,training
3366,100023809,training
3367,100023840,training
3368,100023857,training
3369,100023878,training
3370,100023884,training
3371,100023885,training
3372,100023901,training
3373,100023920,training
3374,100023927,training
3375,100023928,training
3376,100023951,training
3377,100023972,training
3378,100023982,training
3379,100023986,training
3380,100023987,training
3381,100023997,training
3382,100023998,training
3383,100024004,training
3384,100024025,training
3385,100024041,training
3386,100024058,training
3387,100024059,training
3388,100024065,training
3389,100024066,training
3390,100024072,training
3391,100024081,training
3392,100024083,training
3393,100024130,training
3394,100024192,training
3395,100024217,training
3396,100024236,training
3397,100024244,training
3398,100024251,training
3399,100024260,training
3400,100024265,training
3401,100024267,training
3402,100024281,training
3403,100024282,training
3404,100024298,training
3405,100024313,training
3406,100024315,training
3407,100024322,training
3408,100024333,training
3409,100024334,training
3410,100024337,training
3411,100024340,training
3412,100024351,training
3413,100024352,training
3414,100024366,training
3415,100024385,training
3416,100024398,training
3417,100024424,training
3418,100024431,training
3419,100024436,training
3420,100024447,training
3421,100024494,training
3422,100024522,training
3423,100024536,training
3424,100024543,training
3425,100024551,training
3426,100024569,training
3427,100024584,training
3428,100024585,training
3429,100024590,training
3430,100024593,training
3431,100024616,training
3432,100024618,training
3433,100024619,training
3434,100024651,training
3435,100024662,training
3436,100024664,training
3437,100024700,training
3438,100024751,training
3439,100024782,training
3440,100024783,training
3441,100024784,training
3442,100024787,training
3443,100024789,training
3444,100024790,training
3445,100024848,training
3446,100024888,training
3447,100024891,training
3448,100024918,training
3449,100024919,training
3450,100024926,training
3451,100024929,training
3452,100024939,training
3453,100024940,training
3454,100025025,training
3455,100025047,training
3456,100025063,training
3457,100025065,training
3458,100025070,training
3459,100025097,training
3460,100025100,training
3461,100025102,training
3462,100025137,training
3463,100025143,training
3464,100025144,training
3465,100025168,training
3466,100025204,training
3467,100025206,training
3468,100025216,training
3469,100025254,training
3470,100025295,training
3471,100025306,training
3472,100025327,training
3473,100025328,training
3474,100025329,training
3475,100025333,training
3476,100025338,training
3477,100025339,training
3478,100025348,training
3479,100025352,training
3480,100025354,training
3481,100025359,training
3482,100025382,training
3483,100025412,training
3484,100025428,training
3485,100025438,training
3486,100025493,training
3487,100025502,training
3488,100025533,training
3489,100025597,training
3490,100025650,training
3491,100025663,training
3492,100025698,training
3493,100025728,training
3494,100025730,training
3495,100025732,training
3496,100025733,training
3497,100025738,training
3498,100025739,training
3499,100025741,training
3500,100025742,training
3501,100025744,training
3502,100025759,training
3503,100025763,training
3504,100025830,training
3505,100025897,training
3506,100025898,training
3507,100025905,training
3508,100025953,training
3509,100025971,training
3510,100026003,training
3511,100026051,training
3512,100026058,training
3513,100026093,training
3514,100026111,training
3515,100026120,training
3516,100026250,training
3517,100026252,training
3518,100026299,training
3519,100026320,training
3520,100026340,training
3521,100026399,training
3522,100026401,training
3523,100026456,training
3524,100026462,training
3525,100026534,training
3526,100026541,training
3527,100026552,training
3528,100026565,training
3529,100026579,training
3530,100026595,training
3531,100026669,training
3532,100026696,training
3533,100026704,training
3534,100026751,training
3535,100026752,training
3536,100026769,training
3537,100026817,training
3538,100026819,training
3539,100026825,training
3540,100026850,training
3541,100026874,training
3542,100026891,training
3543,100026943,training
3544,100026974,training
3545,100026977,training
3546,100026978,training
3547,100027002,training
3548,100027026,training
3549,100027077,training
3550,100027078,training
3551,100027086,training
3552,100027092,training
3553,100027143,training
3554,100027151,training
3555,100027177,training
3556,100027192,training
3557,100027198,training
3558,100027224,training
3559,100027254,training
3560,100027285,training
3561,100027289,training
3562,100027391,training
3563,100027424,training
3564,100027427,training
3565,100027454,training
3566,100027494,training
3567,100027512,training
3568,100027539,training
3569,100027568,training
3570,100027580,training
3571,100027630,training
3572,100027687,training
3573,100027688,training
3574,100027703,training
3575,100027722,training
3576,100027748,training
3577,100027766,training
3578,100027784,training
3579,100027805,training
3580,100027845,training
3581,100027846,training
3582,100027879,training
3583,100027930,training
3584,100027941,training
3585,100027953,training
3586,100028024,training
3587,100028031,training
3588,100028039,training
3589,100028044,training
3590,100028045,training
3591,100028046,training
3592,100028056,training
3593,100028063,training
3594,100028065,training
3595,100028067,training
3596,100028071,training
3597,100028072,training
3598,100028073,training
3599,100028074,training
3600,100028075,training
3601,100028076,training
3602,100028078,training
3603,100028080,training
3604,100028083,training
3605,100028086,training
3606,100028087,training
3607,100028088,training
3608,100028090,training
3609,100028092,training
3610,100028094,training
3611,100028096,training
3612,100028098,training
3613,100028100,training
3614,100028102,training
3615,100028112,training
3616,100028113,training
3617,100028114,training
3618,100028115,training
3619,100028116,training
3620,100028120,training
3621,100028124,training
3622,100028125,training
3623,100028133,training
3624,100028134,training
3625,100028135,training
3626,100028148,training
3627,100028163,training
3628,100028209,training
3629,100028212,training
3630,100028213,training
3631,100028217,training
3632,100028226,training
3633,100028268,training
3634,100028271,training
3635,100028289,training
3636,100028307,training
3637,100028349,training
3638,100028363,training
3639,100028419,training
3640,100028421,training
3641,100028423,training
3642,100028441,training
3643,100028493,training
3644,100028494,training
3645,100028496,training
3646,100028519,training
3647,100028522,training
3648,100028545,training
3649,100028546,training
3650,100028558,training
3651,100028639,training
3652,100028748,training
3653,100028753,training
3654,100028761,training
3655,100028789,training
3656,100028802,training
3657,100028867,training
3658,100028881,training
3659,100028890,training
3660,100028906,training
3661,100028917,training
3662,100028940,training
3663,100028955,training
3664,100028960,training
3665,100029016,training
3666,100029032,training
3667,100029118,training
3668,100029171,training
3669,100029215,training
3670,100029230,training
3671,100029235,training
3672,100029240,training
3673,100029341,training
3674,100029380,training
3675,100029393,training
3676,100029443,training
3677,100029509,training
3678,100029532,training
3679,100029558,training
3680,100029693,training
3681,100029712,training
3682,100029841,training
3683,100029876,training
3684,100029934,training
3685,100029955,training
3686,100029958,training
3687,100030069,training
3688,100030103,training
3689,100030104,training
3690,100030110,training
3691,100030136,training
3692,100030182,training
3693,100030203,training
3694,100030205,training
3695,100030216,training
3696,100030233,training
3697,100030242,training
3698,100030249,training
3699,100030262,training
3700,100030383,training
3701,100030430,training
3702,100030493,training
3703,100030527,training
3704,100030531,training
3705,100030545,training
3706,100030579,training
3707,100030648,training
3708,100030663,training
3709,100030679,training
3710,100030686,training
3711,100030695,training
3712,100030710,training
3713,100030759,training
3714,100030765,training
3715,100030845,training
3716,100030852,training
3717,100030923,training
3718,100030957,training
3719,100030958,training
3720,100030959,training
3721,100030969,training
3722,100030977,training
3723,100031005,training
3724,100031054,training
3725,100031070,training
3726,100031081,training
3727,100031087,training
3728,100031094,training
3729,100031114,training
3730,100031180,training
3731,100031184,training
3732,100031254,training
3733,100031255,training
3734,100031348,training
3735,100031426,training
3736,100031450,training
3737,100031509,training
3738,100031536,training
3739,100031546,training
3740,100031547,training
3741,100031597,training
3742,100031607,training
3743,100031665,training
3744,100031673,training
3745,100031731,training
3746,100031735,training
3747,100031762,training
3748,100031766,training
3749,100031769,training
3750,100031773,training
3751,100031800,training
3752,100031860,training
3753,100031890,training
3754,100031897,training
3755,100031903,training
3756,100031958,training
3757,100031959,training
3758,100031977,training
3759,100031979,training
3760,100031981,training
3761,100031987,training
3762,100032028,training
3763,100032039,training
3764,100032082,training
3765,100032083,training
3766,100032100,training
3767,100032101,training
3768,100032116,training
3769,100032121,training
3770,100032173,training
3771,100032241,training
3772,100032245,training
3773,100032249,training
3774,100032286,training
3775,100032370,training
3776,100032405,training
3777,100032421,training
3778,100032437,training
3779,100032475,training
3780,100032487,training
3781,100032497,training
3782,100032513,training
3783,100032514,training
3784,100032532,training
3785,100032547,training
3786,100032568,training
3787,100032571,training
3788,100032572,training
3789,100032581,training
3790,100032590,training
3791,100032675,training
3792,100032689,training
3793,100032693,training
3794,100032695,training
3795,100032723,training
3796,100032740,training
3797,100032835,training
3798,100032847,training
3799,100032859,training
3800,100032910,training
3801,100032936,training
3802,100032979,training
3803,100032996,training
3804,100032997,training
3805,100033014,training
3806,100033047,training
3807,100033050,training
3808,100033053,training
3809,100033129,training
3810,100033144,training
3811,100033148,training
3812,100033209,training
3813,100033234,training
3814,100033257,training
3815,100033325,training
3816,100033351,training
3817,100033375,training
3818,100033451,training
3819,100033473,training
3820,100033486,training
3821,100033493,training
3822,100033537,training
3823,100033547,training
3824,100033573,training
3825,100033757,training
3826,100033799,training
3827,100033891,training
3828,100033913,training
3829,100033929,training
3830,100033952,training
3831,100033959,training
3832,100033986,training
3833,100034001,training
3834,100034034,training
3835,100034071,training
3836,100034097,training
3837,100034101,training
3838,100034130,training
3839,100034144,training
3840,100034194,training
3841,100034234,training
3842,100034267,training
3843,100034325,training
3844,100034365,training
3845,100034432,training
3846,100034523,training
3847,100034544,training
3848,100034586,training
3849,100034592,training
3850,100034608,training
3851,100034638,training
3852,100034652,training
3853,100034653,training
3854,100034660,training
3855,100034669,training
3856,100034681,training
3857,100034704,training
3858,100034719,training
3859,100034723,training
3860,100034775,training
3861,100034826,training
3862,100034835,training
3863,100034846,training
3864,100034863,training
3865,100034918,training
3866,100034954,training
3867,100034961,training
3868,100034990,training
3869,100035002,training
3870,100035044,training
3871,100035053,training
3872,100035083,training
3873,100035096,training
3874,100035097,training
3875,100035121,training
3876,100035131,training
3877,100035182,training
3878,100035232,training
3879,100035387,training
3880,100035407,training
3881,100035415,training
3882,100035463,training
3883,100035465,training
3884,100035472,training
3885,100035526,training
3886,100035560,training
3887,100035582,training
3888,100035604,training
3889,100035637,training
3890,100035723,training
3891,100035733,training
3892,100035738,training
3893,100035739,training
3894,100035740,training
3895,100035771,training
3896,100035779,training
3897,100035829,training
3898,100035855,training
3899,100035867,training
3900,100035891,training
3901,100035915,training
3902,100035930,training
3903,100035941,training
3904,100035945,training
3905,100035953,training
3906,100035958,training
3907,100035969,training
3908,100035973,training
3909,100035994,training
3910,100036002,training
3911,100036006,training
3912,100036065,training
3913,100036074,training
3914,100036075,training
3915,100036241,training
3916,100036332,training
3917,100036341,training
3918,100036350,training
3919,100036364,training
3920,100036381,training
3921,100036387,training
3922,100036398,training
3923,100036431,training
3924,100036450,training
3925,100036524,training
3926,100036544,training
3927,100036557,training
3928,100036604,training
3929,100036618,training
3930,100036619,training
3931,100036648,training
3932,100036679,training
3933,100036710,training
3934,100036723,training
3935,100036815,training
3936,100036853,training
3937,100036873,training
3938,100036904,training
3939,100036905,training
3940,100036931,training
3941,100036958,training
3942,100036966,training
3943,100036968,training
3944,100036993,training
3945,100037068,training
3946,100037085,training
3947,100037101,training
3948,100037102,training
3949,100037143,training
3950,100037176,training
3951,100037179,training
3952,100037219,training
3953,100037227,training
3954,100037271,training
3955,100037296,training
3956,100037345,training
3957,100037385,training
3958,100037393,training
3959,100037458,training
3960,100037475,training
3961,100037488,training
3962,100037507,training
3963,100037581,training
3964,100037646,training
3965,100037661,training
3966,100037665,training
3967,100037697,training
3968,100037737,training
3969,100037752,training
3970,100037762,training
3971,100037773,training
3972,100037859,training
3973,100037864,training
3974,100037884,training
3975,100037905,training
3976,100037929,training
3977,100037935,training
3978,100037948,training
3979,100038106,training
3980,100038120,training
3981,100038124,training
3982,100038163,training
3983,100038222,training
3984,100038228,training
3985,100038230,training
3986,100038286,training
3987,100038287,training
3988,100038321,training
3989,100038325,training
3990,100038331,training
3991,100038365,training
3992,100038391,training
3993,100038398,training
3994,100038399,training
3995,100038454,training
3996,100038474,training
3997,100038478,training
3998,100038480,training
3999,100038482,training
4000,100038507,training
4001,100038509,training
4002,100038510,training
4003,100038512,training
4004,100038513,training
4005,100038580,training
4006,100038602,training
4007,100038604,training
4008,100038615,training
4009,100038635,training
4010,100038662,training
4011,100038744,training
4012,100038760,training
4013,100038777,training
4014,100038794,training
4015,100038849,training
4016,100038870,training
4017,100038889,training
4018,100038949,training
4019,100038954,training
4020,100038982,training
4021,100039046,training
4022,100039083,training
4023,100039087,training
4024,100039111,training
4025,100039145,training
4026,100039167,training
4027,100039175,training
4028,100039184,training
4029,100039185,training
4030,100039188,training
4031,100039202,training
4032,100039252,training
4033,100039291,training
4034,100039293,training
4035,100039359,training
4036,100039379,training
4037,100039387,training
4038,100039396,training
4039,100039406,training
4040,100039412,training
4041,100039424,training
4042,100039442,training
4043,100039481,training
4044,100039484,training
4045,100039506,training
4046,100039515,training
4047,100039545,training
4048,100039660,training
4049,100039680,training
4050,100039742,training
4051,100039764,training
4052,100039773,training
4053,100039853,training
4054,100039879,training
4055,100039880,training
4056,100040013,training
4057,100040053,training
4058,100040106,training
4059,100040107,training
4060,100040174,training
4061,100040242,training
4062,100040252,training
4063,100040267,training
4064,100040292,training
4065,100040296,training
4066,100040366,training
4067,100040375,training
4068,100040423,training
4069,100040552,training
4070,100040570,training
4071,100040582,training
4072,100040633,training
4073,100040635,training
4074,100040642,training
4075,100040648,training
4076,100040649,training
4077,100040656,training
4078,100040661,training
4079,100040673,training
4080,100040681,training
4081,100040712,training
4082,100040791,training
4083,100040872,training
4084,100040875,training
4085,100040900,training
4086,100040915,training
4087,100040929,training
4088,100040949,training
4089,100041039,training
4090,100041093,training
4091,100041107,training
4092,100041115,training
4093,100041242,training
4094,100041301,training
4095,100041310,training
4096,100041423,training
4097,100041425,training
4098,100041426,training
4099,100041428,training
4100,100041449,training
4101,100041470,training
4102,100041477,training
4103,100041479,training
4104,100041495,training
4105,100041500,training
4106,100041529,training
4107,100041534,training
4108,100041555,training
4109,100041622,training
4110,100041650,training
4111,100041757,training
4112,100041839,training
4113,100041863,training
4114,100041914,training
4115,100041917,training
4116,100041955,training
4117,100041962,training
4118,100041988,training
4119,100042004,training
4120,100042018,training
4121,100042051,training
4122,100042087,training
4123,100042098,training
4124,100042137,training
4125,100042140,training
4126,100042183,training
4127,100042202,training
4128,100042208,training
4129,100042255,training
4130,100042276,training
4131,100042277,training
4132,100042283,training
4133,100042285,training
4134,100042372,training
4135,100042420,training
4136,100042464,training
4137,100042465,training
4138,100042483,training
4139,100042486,training
4140,100042489,training
4141,100042491,training
4142,100042494,training
4143,100042507,training
4144,100042530,training
4145,100042538,training
4146,100042550,training
4147,100042555,training
4148,100042558,training
4149,100042592,training
4150,100042605,training
4151,100042618,training
4152,100042681,training
4153,100042718,training
4154,100042782,training
4155,100042784,training
4156,100042857,training
4157,100042958,training
4158,100042985,training
4159,100043006,training
4160,100043031,training
4161,100043037,training
4162,100043062,training
4163,100043094,training
4164,100043097,training
4165,100043141,training
4166,100043163,training
4167,100043295,training
4168,100043320,training
4169,100043321,training
4170,100043334,training
4171,100043336,training
4172,100043346,training
4173,100043352,training
4174,100043358,training
4175,100043366,training
4176,100043399,training
4177,100043408,training
4178,100043410,training
4179,100043441,training
4180,100043444,training
4181,100043453,training
4182,100043489,training
4183,100043555,training
4184,100043597,training
4185,100043622,training
4186,100043633,training
4187,100043661,training
4188,100043678,training
4189,100043682,training
4190,100043708,training
4191,100043751,training
4192,100043753,training
4193,100043777,training
4194,100043802,training
4195,100043823,training
4196,100043830,training
4197,100043871,training
4198,100043890,training
4199,100043902,training
4200,100043963,training
4201,100044049,training
4202,100044054,training
4203,100044057,training
4204,100044063,training
4205,100044065,training
4206,100044081,training
4207,100044083,training
4208,100044110,training
4209,100044203,training
4210,100044237,training
4211,100044242,training
4212,100044249,training
4213,100044256,training
4214,100044362,training
4215,100044408,training
4216,100044462,training
4217,100044638,training
4218,100044655,training
4219,100044662,training
4220,100044714,training
4221,100044727,training
4222,100044764,training
4223,100044771,training
4224,100044843,training
4225,100044844,training
4226,100044851,training
4227,100044861,training
4228,100044874,training
4229,100044877,training
4230,100044879,training
4231,100044904,training
4232,100044928,training
4233,100044930,training
4234,100044978,training
4235,100045052,training
4236,100045056,training
4237,100045078,training
4238,100045089,training
4239,100045097,training
4240,100045166,training
4241,100045206,training
4242,100045245,training
4243,100045258,training
4244,100045267,training
4245,100045276,training
4246,100045383,training
4247,100045386,training
4248,100045408,training
4249,100045447,training
4250,100045466,training
4251,100045489,training
4252,100045634,training
4253,100045711,training
4254,100045732,training
4255,100045744,training
4256,100045745,training
4257,100045763,training
4258,100045795,training
4259,100045854,training
4260,100045874,training
4261,100045875,training
4262,100045897,training
4263,100045903,training
4264,100046032,training
4265,100046040,training
4266,100046116,training
4267,100046157,training
4268,100046178,training
4269,100046190,training
4270,100046248,training
4271,100046252,training
4272,100046339,training
4273,100046360,training
4274,100046393,training
4275,100046395,training
4276,100046582,training
4277,100046583,training
4278,100046623,training
4279,100046660,training
4280,100046685,training
4281,100046702,training
4282,100046714,training
4283,100046718,training
4284,100046798,training
4285,100046809,training
4286,100046826,training
4287,100046832,training
4288,100046848,training
4289,100046863,training
4290,100046934,training
4291,100047002,training
4292,100047039,training
4293,100047047,training
4294,100047055,training
4295,100047067,training
4296,100047092,training
4297,100047184,training
4298,100047185,training
4299,100047198,training
4300,100047221,training
4301,100047226,training
4302,100047239,training
4303,100047252,training
4304,100047352,training
4305,100047371,training
4306,100047376,training
4307,100047391,training
4308,100047445,training
4309,100047446,training
4310,100047453,training
4311,100047480,training
4312,100047500,training
4313,100047501,training
4314,100047523,training
4315,100047573,training
4316,100047585,training
4317,100047622,training
4318,100047657,training
4319,100047658,training
4320,100047687,training
4321,100047732,training
4322,100047747,training
4323,100047827,training
4324,100047845,training
4325,100047851,training
4326,100047889,training
4327,100047903,training
4328,100047906,training
4329,100047923,training
4330,100047934,training
4331,100047974,training
4332,100048001,training
4333,100048011,training
4334,100048018,training
4335,100048071,training
4336,100048156,training
4337,100048157,training
4338,100048160,training
4339,100048188,training
4340,100048195,training
4341,100048215,training
4342,100048270,training
4343,100048286,training
4344,100048298,training
4345,100048301,training
4346,100048336,training
4347,100048376,training
4348,100048419,training
4349,100048445,training
4350,100048454,training
4351,100048519,training
4352,100048546,training
4353,100048594,training
4354,100048604,training
4355,100048614,training
4356,100048633,training
4357,100048667,training
4358,100048679,training
4359,100048681,training
4360,100048694,training
4361,100048703,training
4362,100048723,training
4363,100048776,training
4364,100048802,training
4365,100048888,training
4366,100048889,training
4367,100048924,training
4368,100048933,training
4369,100048994,training
4370,100049023,training
4371,100049025,training
4372,100049026,training
4373,100049030,training
4374,100049047,training
4375,100049059,training
4376,100049096,training
4377,100049098,training
4378,100049106,training
4379,100049167,training
4380,100049222,training
4381,100049254,training
4382,100049267,training
4383,100049291,training
4384,100049342,training
4385,100049345,training
4386,100049354,training
4387,100049369,training
4388,100049396,training
4389,100049423,training
4390,100049431,training
4391,100049703,training
4392,100049707,training
4393,100049709,training
4394,100049711,training
4395,100049712,training
4396,100049714,training
4397,100049723,training
4398,100049737,training
4399,100049748,training
4400,100049753,training
4401,100049757,training
4402,100049763,training
4403,100049768,training
4404,100049789,training
4405,100049811,training
4406,100049850,training
4407,100049875,training
4408,100049899,training
4409,100049925,training
4410,100049946,training
4411,100050012,training
4412,100050034,training
4413,100050106,training
4414,100050113,training
4415,100050137,training
4416,100050138,training
4417,100050184,training
4418,100050224,training
4419,100050234,training
4420,100050235,training
4421,100050245,training
4422,100050263,training
4423,100050300,training
4424,100050320,training
4425,100050354,training
4426,100050379,training
4427,100050397,training
4428,100050409,training
4429,100050434,training
4430,100050512,training
4431,100050513,training
4432,100050515,training
4433,100050525,training
4434,100050541,training
4435,100050561,training
4436,100050589,training
4437,100050594,training
4438,100050697,training
4439,100050734,training
4440,100050745,training
4441,100050749,training
4442,100050760,training
4443,100050790,training
4444,100050822,training
4445,100050825,training
4446,100050882,training
4447,100050885,training
4448,100050917,training
4449,100050933,training
4450,100050962,training
4451,100050970,training
4452,100051034,training
4453,100051056,training
4454,100051063,training
4455,100051121,training
4456,100051164,training
4457,100051277,training
4458,100051293,training
4459,100051302,training
4460,100051330,training
4461,100051397,training
4462,100051464,training
4463,100051521,training
4464,100051528,training
4465,100051686,training
4466,100051694,training
4467,100051701,training
4468,100051811,training
4469,100051814,training
4470,100051817,training
4471,100051826,training
4472,100051841,training
4473,100051869,training
4474,100051885,training
4475,100051891,training
4476,100051918,training
4477,100051938,training
4478,100052107,training
4479,100052153,training
4480,100052186,training
4481,100052187,training
4482,100052279,training
4483,100052298,training
4484,100052345,training
4485,100052347,training
4486,100052399,training
4487,100052445,training
4488,100052515,training
4489,100052549,training
4490,100052613,training
4491,100052619,training
4492,100052620,training
4493,100052671,training
4494,100052747,training
4495,100052834,training
4496,100052839,training
4497,100052840,training
4498,100052841,training
4499,100052842,training
4500,100052858,training
4501,100053073,training
4502,100053086,training
4503,100053088,training
4504,100053106,training
4505,100053123,training
4506,100053154,training
4507,100053180,training
4508,100053232,training
4509,100053248,training
4510,100053283,training
4511,100053293,training
4512,100053358,training
4513,100053395,training
4514,100053432,training
4515,100053434,training
4516,100053438,training
4517,100053456,training
4518,100053509,training
4519,100053585,training
4520,100053600,training
4521,100053658,training
4522,100053706,training
4523,100053775,training
4524,100053818,training
4525,100053842,training
4526,100053860,training
4527,100053944,training
4528,100053946,training
4529,100053956,training
4530,100053992,training
4531,100054039,training
4532,100054065,training
4533,100054194,training
4534,100054197,training
4535,100054362,training
4536,100054413,training
4537,100054464,training
4538,100054467,training
4539,100054501,training
4540,100054622,training
4541,100054663,training
4542,100054669,training
4543,100054675,training
4544,100054715,training
4545,100054717,training
4546,100054761,training
4547,100054764,training
4548,100054765,training
4549,100054782,training
4550,100054858,training
4551,100054900,training
4552,100054904,training
4553,100054916,training
4554,100054939,training
4555,100055013,training
4556,100055015,training
4557,100055040,training
4558,100055085,training
4559,100055124,training
4560,100055199,training
4561,100055263,training
4562,100055265,training
4563,100055266,training
4564,100055269,training
4565,100055273,training
4566,100055292,training
4567,100055294,training
4568,100055387,training
4569,100055396,training
4570,100055410,training
4571,100055462,training
4572,100055524,training
4573,100055638,training
4574,100055656,training
4575,100055657,training
4576,100055660,training
4577,100055661,training
4578,100055668,training
4579,100055674,training
4580,100055693,training
4581,100055745,training
4582,100055827,training
4583,100055866,training
4584,100055869,training
4585,100055884,training
4586,100055912,training
4587,100056036,training
4588,100056121,training
4589,100056180,training
4590,100056189,training
4591,100056205,training
4592,100056273,training
4593,100056371,training
4594,100056387,training
4595,100056430,training
4596,100056431,training
4597,100056451,training
4598,100056479,training
4599,100056563,training
4600,100056577,training
4601,100056616,training
4602,100056632,training
4603,100056639,training
4604,100056659,training
4605,100056679,training
4606,100056886,training
4607,100056907,training
4608,100056971,training
4609,100056992,training
4610,100056996,training
4611,100057034,training
4612,100057103,training
4613,100057161,training
4614,100057164,training
4615,100057165,training
4616,100057186,training
4617,100057230,training
4618,100057287,training
4619,100057289,training
4620,100057333,training
4621,100057343,training
4622,100057346,training
4623,100057522,training
4624,100057592,training
4625,100057630,training
4626,100057691,training
4627,100057699,training
4628,100057700,training
4629,100057758,training
4630,100057786,training
4631,100057815,training
4632,100057882,training
4633,100057885,training
4634,100057887,training
4635,100057888,training
4636,100057890,training
4637,100058027,training
4638,100058041,training
4639,100058173,training
4640,100058183,training
4641,100058185,training
4642,100058246,training
4643,100058287,training
4644,100058301,training
4645,100058406,training
4646,100058418,training
4647,100058583,training
4648,100058611,training
4649,100058679,training
4650,100058701,training
4651,100058704,training
4652,100058742,training
4653,100058778,training
4654,100058852,training
4655,100058854,training
4656,100058866,training
4657,100059022,training
4658,100059023,training
4659,100059121,training
4660,100059272,training
4661,100059283,training
4662,100059332,training
4663,100059511,training
4664,100059598,training
4665,100059608,training
4666,100059616,training
4667,100059718,training
4668,100059883,training
4669,100059945,training
4670,100059967,training
4671,100059981,training
4672,100060101,training
4673,100060307,training
4674,100060422,training
4675,100060458,training
4676,100060499,training
4677,100060520,training
4678,100060533,training
4679,100060536,training
4680,100060541,training
4681,100060661,training
4682,100060691,training
4683,100060753,training
4684,100060776,training
4685,100060988,training
4686,100061023,training
4687,100061247,training
4688,100061399,training
4689,100061471,training
4690,100061477,training
4691,100061544,training
4692,100061545,training
4693,100061609,training
4694,100061610,training
4695,100061614,training
4696,100061628,training
4697,100061702,training
4698,100061710,training
4699,100061731,training
4700,100061774,training
4701,100061782,training
4702,100061861,training
4703,100061874,training
4704,100061890,training
4705,100061903,training
4706,100062039,training
4707,100062041,training
4708,100062076,training
4709,100062086,training
4710,100062195,training
4711,100062219,training
4712,100062323,training
4713,100062370,training
4714,100062523,training
4715,100062537,training
4716,100062608,training
4717,100062609,training
4718,100062628,training
4719,100062717,training
4720,100062724,training
4721,100062968,training
4722,100062985,training
4723,100062988,training
4724,100063101,training
4725,100063341,training
4726,100063385,training
4727,100063410,training
4728,100063465,training
4729,100063493,training
4730,100063518,training
4731,100063658,training
4732,100063738,training
4733,100063882,training
4734,100063885,training
4735,100063891,training
4736,100063900,training
4737,100063901,training
4738,100063902,training
4739,100063929,training
4740,100063938,training
4741,100063939,training
4742,100064006,training
4743,100064120,training
4744,100064122,training
4745,100064133,training
4746,100064149,training
4747,100064223,training
4748,100064229,training
4749,100064244,training
4750,100064299,training
4751,100064348,training
4752,100064372,training
4753,100064419,training
4754,100064454,training
4755,100064469,training
4756,100064482,training
4757,100064534,training
4758,100064590,training
4759,100064658,training
4760,100064659,training
4761,100064716,training
4762,100064737,training
4763,100064784,training
4764,100064798,training
4765,100064983,training
4766,100065046,training
4767,100065112,training
4768,100065159,training
4769,100065188,training
4770,100065193,training
4771,100065194,training
4772,100065210,training
4773,100065245,training
4774,100065365,training
4775,100065431,training
4776,100065451,training
4777,100065472,training
4778,100065522,training
4779,100065634,training
4780,100065940,training
4781,100065987,training
4782,100066020,training
4783,100066030,training
4784,100066039,training
4785,100066119,training
4786,100066120,training
4787,100066243,training
4788,100066548,training
4789,100066554,training
4790,100066630,training
4791,100066644,training
4792,100066705,training
4793,100066715,training
4794,100066977,training
4795,100067051,training
4796,100067059,training
4797,100067061,training
4798,100067063,training
4799,100067071,training
4800,100067134,training
4801,100067329,training
4802,100067528,training
4803,100067529,training
4804,100067590,training
4805,100067646,training
4806,100068103,training
4807,100068275,training
4808,100068403,training
4809,100068995,training
4810,100069094,training
4811,100069502,training
4812,100069563,training
4813,100069826,training
4814,100069932,training
4815,100070031,training
4816,100070376,training
4817,100070463,training
4818,100070510,training
4819,100070584,training
4820,100070730,training
4821,100070793,training
4822,100070866,training
4823,100071250,training
4824,100071298,training
4825,100071350,training
4826,100071577,training
4827,100071767,training
4828,100071877,training
4829,100071929,training
4830,100071991,training
4831,100072064,training
4832,100072081,training
4833,100072303,training
4834,100072466,training
4835,100072495,training
4836,100072496,training
4837,100072780,training
4838,100072794,training
4839,100072817,training
4840,100073115,training
4841,100073290,training
4842,100073321,training
4843,100073337,training
4844,100073389,training
4845,100073409,training
4846,100073909,training
4847,100073918,training
4848,100073934,training
4849,100073978,training
4850,100073980,training
4851,100074075,training
4852,100074087,training
4853,100074136,training
4854,100082407,training
4855,100082856,training
4856,100083276,training
4857,100083294,training
4858,100084077,training
4859,100086618,training
4860,100086662,training
4861,100087159,training
4862,100088474,training
4863,100089058,training
4864,100089179,training
4865,100091099,training
4866,100091369,training
4867,100092108,training
4868,100093450,training
4869,100093540,training
4870,100093680,training
4871,100094202,training
4872,100094234,training
4873,100095266,training
4874,100095719,training
4875,100095744,training
4876,100095986,training
4877,100096884,training
4878,100097485,training
4879,100097821,training
4880,100098771,training
4881,100098831,training
4882,100099337,training
4883,100099751,training
4884,100100187,training
4885,100101874,training
4886,100101981,training
4887,100102040,training
4888,100102121,training
4889,100102235,training
4890,100102826,training
4891,100103489,training
4892,100103797,training
4893,100104353,training
4894,100104822,training
4895,100105210,training
4896,100105223,training
4897,100105697,training
4898,100105848,training
4899,100106314,training
4900,100106578,training
4901,100106712,training
4902,100107299,training
4903,100107739,training
4904,100107897,training
4905,100108050,training
4906,100109085,training
4907,100109086,training
4908,100109506,training
4909,100110778,training
4910,100110837,training
4911,100110934,training
4912,100111214,training
4913,100112060,training
4914,100112431,training
4915,100112480,training
4916,100112628,training
4917,100112754,training
4918,100113270,training
4919,100113808,training
4920,100114670,training
4921,100114784,training
4922,100114927,training
4923,100115044,training
4924,100115766,training
4925,100115784,training
4926,100115969,training
4927,100117028,training
4928,100117038,training
4929,100117378,training
4930,100117423,training
4931,100117567,training
4932,100117785,training
4933,100117807,training
4934,100118046,training
4935,100118391,training
4936,100119012,training
4937,100119396,training
4938,100119898,training
4939,100119964,training
4940,100121637,training
4941,100122038,training
4942,100122051,training
4943,100122237,training
4944,100122350,training
4945,100123825,training
4946,100124265,training
4947,100124548,training
4948,100124557,training
4949,100124698,training
4950,100125526,training
4951,100125963,training
4952,100126085,training
4953,100126116,training
4954,100126536,training
4955,100126634,training
4956,100127246,training
4957,100127465,training
4958,100128130,training
4959,100131059,training
4960,100131065,training
4961,100131066,training
4962,100131311,training
4963,100132160,training
4964,100132161,training
4965,100132816,training
4966,100132931,training
4967,100132944,training
4968,100132974,training
4969,100133203,training
4970,100133249,training
4971,100134074,training
4972,100135203,training
4973,100135262,training
4974,100135421,training
4975,100135487,training
4976,100135896,training
4977,100135980,training
4978,100137982,training
4979,100138621,training
4980,100139361,training
4981,100139955,training
4982,100140553,training
4983,100142239,training
4984,100142364,training
4985,100143249,training
4986,100143663,training
4987,100143664,training
4988,500000019,training
4989,500000020,training
4990,500000021,training
4991,500000023,training
4992,500000024,training
4993,500000025,training
4994,500000029,training
4995,500000030,training
4996,500000031,training
4997,500000032,training
4998,500000033,training
4999,500000034,training
5000,500000036,training
5001,500000037,training
5002,500000038,training
5003,500000039,training
5004,500000040,training
5005,500000041,training
5006,500000042,training
5007,500000045,training
5008,500000046,training
5009,500000048,training
5010,500000049,training
5011,500000051,training
5012,500000053,training
5013,500000056,training
5014,500000058,training
5015,500000059,training
5016,500000061,training
5017,500000063,training
5018,500000064,training
5019,500000065,training
5020,500000066,training
5021,500000068,training
5022,500000070,training
5023,500000071,training
5024,500000074,training
5025,500000075,training
5026,500000076,training
5027,500000079,training
5028,500000080,training
5029,500000081,training
5030,500000083,training
5031,500000084,training
5032,500000087,training
5033,500000088,training
5034,500000090,training
5035,500000091,training
5036,500000092,training
5037,500000094,training
5038,500000100,training
5039,500000101,training
5040,500000103,training
5041,500000104,training
5042,500000106,training
5043,500000111,training
5044,500000113,training
5045,500000120,training
5046,500000123,training
5047,500000130,training
5048,500000133,training
5049,500000134,training
5050,500000135,training
5051,500000139,training
5052,500000142,training
5053,500000143,training
5054,500000144,training
5055,500000145,training
5056,500000152,training
5057,500000157,training
5058,500000162,training
5059,500000164,training
5060,500000165,training
5061,500000167,training
5062,500000168,training
5063,500000169,training
5064,500000170,training
5065,500000172,training
5066,500000173,training
5067,500000176,training
5068,500000178,training
5069,500000179,training
5070,500000181,training
5071,500000185,training
5072,500000186,training
5073,500000191,training
5074,500000192,training
5075,500000194,training
5076,500000195,training
5077,500000197,training
5078,500000204,training
5079,500000207,training
5080,500000217,training
5081,500000221,training
5082,500000224,training
5083,500000226,training
5084,500000239,training
5085,500000242,training
5086,500000243,training
5087,500000244,training
5088,500000246,training
5089,500000247,training
5090,500000248,training
5091,500000252,training
5092,500000254,training
5093,500000255,training
5094,500000256,training
5095,500000257,training
5096,500000258,training
5097,500000264,training
5098,500000266,training
5099,500000267,training
5100,500000268,training
5101,500000270,training
5102,500000278,training
5103,500000281,training
5104,500000283,training
5105,500000290,training
5106,500000291,training
5107,500000292,training
5108,500000297,training
5109,500000301,training
5110,500000304,training
5111,500000306,training
5112,500000308,training
5113,500000310,training
5114,500000311,training
5115,500000312,training
5116,500000313,training
5117,500000316,training
5118,500000319,training
5119,500000320,training
5120,500000321,training
5121,500000331,training
5122,500000336,training
5123,500000338,training
5124,500000343,training
5125,500000353,training
5126,500000354,training
5127,500000359,training
5128,500000363,training
5129,500000364,training
5130,500000366,training
5131,500000367,training
5132,500000369,training
5133,500000371,training
5134,500000374,training
5135,500000376,training
5136,500000383,training
5137,500000386,training
5138,500000390,training
5139,500000391,training
5140,500000392,training
5141,500000394,training
5142,500000398,training
5143,500000400,training
5144,500000403,training
5145,500000407,training
5146,500000408,training
5147,500000409,training
5148,500000411,training
5149,500000412,training
5150,500000420,training
5151,500000422,training
5152,500000427,training
5153,500000429,training
5154,500000434,training
5155,500000438,training
5156,500000440,training
5157,500000441,training
5158,500000447,training
5159,500000452,training
5160,500000453,training
5161,500000455,training
5162,500000456,training
5163,500000458,training
5164,500000459,training
5165,500000461,training
5166,500000463,training
5167,500000466,training
5168,500000469,training
5169,500000478,training
5170,500000479,training
5171,500000481,training
5172,500000487,training
5173,500000496,training
5174,500000504,training
5175,500000506,training
5176,500000511,training
5177,500000512,training
5178,500000518,training
5179,500000519,training
5180,500000521,training
5181,500000522,training
5182,500000523,training
5183,500000524,training
5184,500000527,training
5185,500000536,training
5186,500000537,training
5187,500000546,training
5188,500000548,training
5189,500000550,training
5190,500000551,training
5191,500000561,training
5192,500000564,training
5193,500000566,training
5194,500000567,training
5195,500000571,training
5196,500000577,training
5197,500000584,training
5198,500000585,training
5199,500000589,training
5200,500000590,training
5201,500000591,training
5202,500000599,training
5203,500000600,training
5204,500000607,training
5205,500000611,training
5206,500000612,training
5207,500000613,training
5208,500000614,training
5209,500000615,training
5210,500000617,training
5211,500000622,training
5212,500000628,training
5213,500000629,training
5214,500000630,training
5215,500000631,training
5216,500000632,training
5217,500000639,training
5218,500000640,training
5219,500000642,training
5220,500000644,training
5221,500000648,training
5222,500000649,training
5223,500000654,training
5224,500000658,training
5225,500000673,training
5226,500000676,training
5227,500000677,training
5228,500000680,training
5229,500000681,training
5230,500000682,training
5231,500000685,training
5232,500000688,training
5233,500000690,training
5234,500000693,training
5235,500000694,training
5236,500000696,training
5237,500000701,training
5238,500000705,training
5239,500000706,training
5240,500000711,training
5241,500000712,training
5242,500000715,training
5243,500000718,training
5244,500000720,training
5245,500000725,training
5246,500000728,training
5247,500000730,training
5248,500000733,training
5249,500000734,training
5250,500000740,training
5251,500000741,training
5252,500000743,training
5253,500000746,training
5254,500000747,training
5255,500000750,training
5256,500000752,training
5257,500000754,training
5258,500000755,training
5259,500000759,training
5260,500000766,training
5261,500000767,training
5262,500000770,training
5263,500000775,training
5264,500000779,training
5265,500000783,training
5266,500000784,training
5267,500000793,training
5268,500000807,training
5269,500000808,training
5270,500000809,training
5271,500000812,training
5272,500000814,training
5273,500000815,training
5274,500000828,training
5275,500000829,training
5276,500000833,training
5277,500000835,training
5278,500000836,training
5279,500000837,training
5280,500000839,training
5281,500000842,training
5282,500000843,training
5283,500000844,training
5284,500000847,training
5285,500000854,training
5286,500000859,training
5287,500000861,training
5288,500000863,training
5289,500000864,training
5290,500000865,training
5291,500000866,training
5292,500000867,training
5293,500000869,training
5294,500000871,training
5295,500000874,training
5296,500000880,training
5297,500000881,training
5298,500000884,training
5299,500000893,training
5300,500000895,training
5301,500000896,training
5302,500000898,training
5303,500000900,training
5304,500000902,training
5305,500000904,training
5306,500000906,training
5307,500000907,training
5308,500000912,training
5309,500000915,training
5310,500000917,training
5311,500000918,training
5312,500000920,training
5313,500000922,training
5314,500000928,training
5315,500000938,training
5316,500000942,training
5317,500000943,training
5318,500000948,training
5319,500000951,training
5320,500000952,training
5321,500000954,training
5322,500000955,training
5323,500000960,training
5324,500000961,training
5325,500000968,training
5326,500000969,training
5327,500000971,training
5328,500000972,training
5329,500000975,training
5330,500000976,training
5331,500000983,training
5332,500000984,training
5333,500000986,training
5334,500000989,training
5335,500000992,training
5336,500001003,training
5337,500001004,training
5338,500001006,training
5339,500001007,training
5340,500001012,training
5341,500001021,training
5342,500001031,training
5343,500001034,training
5344,500001038,training
5345,500001040,training
5346,500001045,training
5347,500001046,training
5348,500001048,training
5349,500001055,training
5350,500001061,training
5351,500001066,training
5352,500001068,training
5353,500001070,training
5354,500001071,training
5355,500001072,training
5356,500001073,training
5357,500001074,training
5358,500001077,training
5359,500001078,training
5360,500001079,training
5361,500001082,training
5362,500001084,training
5363,500001086,training
5364,500001089,training
5365,500001093,training
5366,500001097,training
5367,500001104,training
5368,500001106,training
5369,500001110,training
5370,500001112,training
5371,500001115,training
5372,500001118,training
5373,500001121,training
5374,500001122,training
5375,500001123,training
5376,500001124,training
5377,500001126,training
5378,500001127,training
5379,500001128,training
5380,500001129,training
5381,500001130,training
5382,500001132,training
5383,500001133,training
5384,500001142,training
5385,500001144,training
5386,500001147,training
5387,500001152,training
5388,500001154,training
5389,500001155,training
5390,500001160,training
5391,500001162,training
5392,500001163,training
5393,500001165,training
5394,500001170,training
5395,500001172,training
5396,500001177,training
5397,500001179,training
5398,500001181,training
5399,500001182,training
5400,500001183,training
5401,500001184,training
5402,500001185,training
5403,500001187,training
5404,500001188,training
5405,500001191,training
5406,500001194,training
5407,500001205,training
5408,500001210,training
5409,500001211,training
5410,500001214,training
5411,500001215,training
5412,500001220,training
5413,500001223,training
5414,500001227,training
5415,500001228,training
5416,500001229,training
5417,500001232,training
5418,500001240,training
5419,500001242,training
5420,500001243,training
5421,500001245,training
5422,500001248,training
5423,500001252,training
5424,500001254,training
5425,500001260,training
5426,500001261,training
5427,500001262,training
5428,500001265,training
5429,500001266,training
5430,500001270,training
5431,500001271,training
5432,500001278,training
5433,500001283,training
5434,500001287,training
5435,500001288,training
5436,500001290,training
5437,500001291,training
5438,500001292,training
5439,500001298,training
5440,500001299,training
5441,500001304,training
5442,500001307,training
5443,500001308,training
5444,500001309,training
5445,500001310,training
5446,500001312,training
5447,500001313,training
5448,500001314,training
5449,500001319,training
5450,500001321,training
5451,500001324,training
5452,500001325,training
5453,500001332,training
5454,500001335,training
5455,500001339,training
5456,500001343,training
5457,500001345,training
5458,500001357,training
5459,500001359,training
5460,500001362,training
5461,500001368,training
5462,500001369,training
5463,500001376,training
5464,500001384,training
5465,500001386,training
5466,500001387,training
5467,500001389,training
5468,500001392,training
5469,500001393,training
5470,500001396,training
5471,500001401,training
5472,500001403,training
5473,500001405,training
5474,500001406,training
5475,500001409,training
5476,500001410,training
5477,500001414,training
5478,500001417,training
5479,500001418,training
5480,500001427,training
5481,500001429,training
5482,500001432,training
5483,500001438,training
5484,500001439,training
5485,500001444,training
5486,500001452,training
5487,500001460,training
5488,500001463,training
5489,500001474,training
5490,500001476,training
5491,500001479,training
5492,500001480,training
5493,500001481,training
5494,500001482,training
5495,500001483,training
5496,500001484,training
5497,500001485,training
5498,500001486,training
5499,500001497,training
5500,500001499,training
5501,500001500,training
5502,500001504,training
5503,500001505,training
5504,500001507,training
5505,500001509,training
5506,500001513,training
5507,500001517,training
5508,500001520,training
5509,500001522,training
5510,500001524,training
5511,500001525,training
5512,500001526,training
5513,500001530,training
5514,500001531,training
5515,500001532,training
5516,500001538,training
5517,500001539,training
5518,500001540,training
5519,500001543,training
5520,500001545,training
5521,500001550,training
5522,500001551,training
5523,500001552,training
5524,500001555,training
5525,500001556,training
5526,500001558,training
5527,500001559,training
5528,500001560,training
5529,500001570,training
5530,500001574,training
5531,500001576,training
5532,500001588,training
5533,500001593,training
5534,500001594,training
5535,500001596,training
5536,500001597,training
5537,500001598,training
5538,500001599,training
5539,500001602,training
5540,500001609,training
5541,500001615,training
5542,500001616,training
5543,500001619,training
5544,500001622,training
5545,500001626,training
5546,500001627,training
5547,500001629,training
5548,500001630,training
5549,500001631,training
5550,500001640,training
5551,500001641,training
5552,500001644,training
5553,500001651,training
5554,500001654,training
5555,500001656,training
5556,500001663,training
5557,500001666,training
5558,500001669,training
5559,500001676,training
5560,500001678,training
5561,500001679,training
5562,500001682,training
5563,500001689,training
5564,500001697,training
5565,500001699,training
5566,500001701,training
5567,500001705,training
5568,500001706,training
5569,500001709,training
5570,500001717,training
5571,500001726,training
5572,500001727,training
5573,500001730,training
5574,500001734,training
5575,500001741,training
5576,500001751,training
5577,500001759,training
5578,500001763,training
5579,500001769,training
5580,500001772,training
5581,500001774,training
5582,500001775,training
5583,500001776,training
5584,500001777,training
5585,500001781,training
5586,500001783,training
5587,500001791,training
5588,500001800,training
5589,500001810,training
5590,500001817,training
5591,500001818,training
5592,500001822,training
5593,500001827,training
5594,500001834,training
5595,500001835,training
5596,500001837,training
5597,500001840,training
5598,500001842,training
5599,500001849,training
5600,500001850,training
5601,500001855,training
5602,500001860,training
5603,500001863,training
5604,500001867,training
5605,500001868,training
5606,500001869,training
5607,500001876,training
5608,500001883,training
5609,500001885,training
5610,500001886,training
5611,500001894,training
5612,500001898,training
5613,500001903,training
5614,500001909,training
5615,500001916,training
5616,500001918,training
5617,500001919,training
5618,500001929,training
5619,500001935,training
5620,500001936,training
5621,500001938,training
5622,500001942,training
5623,500001946,training
5624,500001949,training
5625,500001950,training
5626,500001951,training
5627,500001959,training
5628,500001963,training
5629,500001967,training
5630,500001972,training
5631,500001977,training
5632,500001979,training
5633,500001984,training
5634,500001986,training
5635,500001989,training
5636,500001995,training
5637,500001998,training
5638,500002014,training
5639,500002019,training
5640,500002020,training
5641,500002030,training
5642,500002033,training
5643,500002037,training
5644,500002046,training
5645,500002048,training
5646,500002049,training
5647,500002051,training
5648,500002054,training
5649,500002061,training
5650,500002062,training
5651,500002066,training
5652,500002069,training
5653,500002075,training
5654,500002076,training
5655,500002085,training
5656,500002086,training
5657,500002087,training
5658,500002099,training
5659,500002106,training
5660,500002107,training
5661,500002112,training
5662,500002113,training
5663,500002114,training
5664,500002125,training
5665,500002129,training
5666,500002130,training
5667,500002133,training
5668,500002134,training
5669,500002136,training
5670,500002137,training
5671,500002139,training
5672,500002142,training
5673,500002144,training
5674,500002147,training
5675,500002148,training
5676,500002158,training
5677,500002164,training
5678,500002166,training
5679,500002167,training
5680,500002174,training
5681,500002175,training
5682,500002180,training
5683,500002188,training
5684,500002193,training
5685,500002194,training
5686,500002198,training
5687,500002202,training
5688,500002204,training
5689,500002206,training
5690,500002209,training
5691,500002211,training
5692,500002213,training
5693,500002214,training
5694,500002216,training
5695,500002218,training
5696,500002219,training
5697,500002224,training
5698,500002226,training
5699,500002227,training
5700,500002228,training
5701,500002229,training
5702,500002232,training
5703,500002234,training
5704,500002238,training
5705,500002239,training
5706,500002240,training
5707,500002244,training
5708,500002250,training
5709,500002254,training
5710,500002272,training
5711,500002283,training
5712,500002284,training
5713,500002293,training
5714,500002295,training
5715,500002300,training
5716,500002306,training
5717,500002309,training
5718,500002310,training
5719,500002317,training
5720,500002320,training
5721,500002321,training
5722,500002322,training
5723,500002324,training
5724,500002328,training
5725,500002330,training
5726,500002332,training
5727,500002334,training
5728,500002336,training
5729,500002340,training
5730,500002341,training
5731,500002346,training
5732,500002347,training
5733,500002352,training
5734,500002353,training
5735,500002362,training
5736,500002364,training
5737,500002367,training
5738,500002370,training
5739,500002376,training
5740,500002377,training
5741,500002379,training
5742,500002380,training
5743,500002382,training
5744,500002384,training
5745,500002389,training
5746,500002393,training
5747,500002394,training
5748,500002396,training
5749,500002398,training
5750,500002399,training
5751,500002403,training
5752,500002404,training
5753,500002420,training
5754,500002421,training
5755,500002429,training
5756,500002433,training
5757,500002435,training
5758,500002438,training
5759,500002439,training
5760,500002444,training
5761,500002447,training
5762,500002448,training
5763,500002450,training
5764,500002451,training
5765,500002452,training
5766,500002454,training
5767,500002458,training
5768,500002460,training
5769,500002465,training
5770,500002472,training
5771,500002478,training
5772,500002483,training
5773,500002486,training
5774,500002487,training
5775,500002492,training
5776,500002500,training
5777,500002501,training
5778,500002502,training
5779,500002503,training
5780,500002507,training
5781,500002508,training
5782,500002509,training
5783,500002510,training
5784,500002513,training
5785,500002515,training
5786,500002516,training
5787,500002517,training
5788,500002519,training
5789,500002525,training
5790,500002532,training
5791,500002536,training
5792,500002537,training
5793,500002540,training
5794,500002544,training
5795,500002550,training
5796,500002553,training
5797,500002560,training
5798,500002562,training
5799,500002564,training
5800,500002566,training
5801,500002570,training
5802,500002571,training
5803,500002572,training
5804,500002575,training
5805,500002577,training
5806,500002583,training
5807,500002584,training
5808,500002589,training
5809,500002591,training
5810,500002592,training
5811,500002599,training
5812,500002602,training
5813,500002603,training
5814,500002605,training
5815,500002606,training
5816,500002608,training
5817,500002611,training
5818,500002614,training
5819,500002615,training
5820,500002616,training
5821,500002619,training
5822,500002620,training
5823,500002621,training
5824,500002622,training
5825,500002623,training
5826,500002627,training
5827,500002630,training
5828,500002631,training
5829,500002632,training
5830,500002633,training
5831,500002635,training
5832,500002636,training
5833,500002637,training
5834,500002640,training
5835,500002641,training
5836,500002643,training
5837,500002645,training
5838,500002646,training
5839,500002647,training
5840,500002648,training
5841,500002649,training
5842,500002650,training
5843,500002651,training
5844,500002656,training
5845,500002661,training
5846,500002663,training
5847,500002664,training
5848,500002666,training
5849,500002675,training
5850,500002677,training
5851,500002679,training
5852,500002685,training
5853,500002686,training
5854,500002687,training
5855,500002691,training
5856,500002692,training
5857,500002695,training
5858,500002697,training
5859,500002698,training
5860,500002700,training
5861,500002709,training
5862,500002712,training
5863,500002726,training
5864,500002728,training
5865,500002730,training
5866,500002731,training
5867,500002733,training
5868,500002734,training
5869,500002736,training
5870,500002737,training
5871,500002739,training
5872,500002742,training
5873,500002743,training
5874,500002744,training
5875,500002745,training
5876,500002746,training
5877,500002750,training
5878,500002754,training
5879,500002755,training
5880,500002759,training
5881,500002761,training
5882,500002762,training
5883,500002763,training
5884,500002767,training
5885,500002771,training
5886,500002773,training
5887,500002774,training
5888,500002779,training
5889,500002780,training
5890,500002782,training
5891,500002783,training
5892,500002784,training
5893,500002786,training
5894,500002787,training
5895,500002788,training
5896,500002790,training
5897,500002791,training
5898,500002793,training
5899,500002796,training
5900,500002797,training
5901,500002806,training
5902,500002808,training
5903,500002809,training
5904,500002814,training
5905,500002816,training
5906,500002818,training
5907,500002819,training
5908,500002820,training
5909,500002824,training
5910,500002831,training
5911,500002833,training
5912,500002837,training
5913,500002840,training
5914,500002841,training
5915,500002842,training
5916,500002851,training
5917,500002855,training
5918,500002857,training
5919,500002862,training
5920,500002864,training
5921,500002868,training
5922,500002869,training
5923,500002870,training
5924,500002871,training
5925,500002874,training
5926,500002875,training
5927,500002879,training
5928,500002880,training
5929,500002882,training
5930,500002894,training
5931,500002899,training
5932,500002904,training
5933,500002911,training
5934,500002919,training
5935,500002920,training
5936,500002921,training
5937,500002925,training
5938,500002937,training
5939,500002939,training
5940,500002941,training
5941,500002942,training
5942,500002943,training
5943,500002944,training
5944,500002945,training
5945,500002946,training
5946,500002953,training
5947,500002962,training
5948,500002969,training
5949,500002972,training
5950,500002978,training
5951,500002987,training
5952,500002988,training
5953,500002995,training
5954,500002996,training
5955,500002997,training
5956,500003004,training
5957,500003014,training
5958,500003015,training
5959,500003017,training
5960,500003018,training
5961,500003021,training
5962,500003025,training
5963,500003027,training
5964,500003028,training
5965,500003029,training
5966,500003037,training
5967,500003047,training
5968,500003049,training
5969,500003055,training
5970,500003056,training
5971,500003059,training
5972,500003061,training
5973,500003062,training
5974,500003077,training
5975,500003079,training
5976,500003082,training
5977,500003088,training
5978,500003089,training
5979,500003093,training
5980,500003102,training
5981,500003106,training
5982,500003107,training
5983,500003109,training
5984,500003114,training
5985,500003116,training
5986,500003118,training
5987,500003123,training
5988,500003129,training
5989,500003130,training
5990,500003131,training
5991,500003136,training
5992,500003139,training
5993,500003145,training
5994,500003149,training
5995,500003151,training
5996,500003153,training
5997,500003162,training
5998,500003164,training
5999,500003168,training
6000,500003169,training
6001,500003171,training
6002,500003177,training
6003,500003190,training
6004,500003197,training
6005,500003198,training
6006,500003202,training
6007,500003203,training
6008,500003205,training
6009,500003206,training
6010,500003207,training
6011,500003212,training
6012,500003215,training
6013,500003217,training
6014,500003218,training
6015,500003220,training
6016,500003227,training
6017,500003231,training
6018,500003232,training
6019,500003233,training
6020,500003234,training
6021,500003235,training
6022,500003245,training
6023,500003246,training
6024,500003248,training
6025,500003263,training
6026,500003270,training
6027,500003277,training
6028,500003278,training
6029,500003280,training
6030,500003282,training
6031,500003284,training
6032,500003285,training
6033,500003287,training
6034,500003291,training
6035,500003292,training
6036,500003294,training
6037,500003298,training
6038,500003299,training
6039,500003300,training
6040,500003302,training
6041,500003304,training
6042,500003305,training
6043,500003307,training
6044,500003308,training
6045,500003309,training
6046,500003311,training
6047,500003321,training
6048,500003323,training
6049,500003324,training
6050,500003326,training
6051,500003328,training
6052,500003329,training
6053,500003360,training
6054,500003362,training
6055,500003371,training
6056,500003372,training
6057,500003373,training
6058,500003375,training
6059,500003376,training
6060,500003381,training
6061,500003383,training
6062,500003384,training
6063,500003390,training
6064,500003395,training
6065,500003396,training
6066,500003397,training
6067,500003398,training
6068,500003406,training
6069,500003407,training
6070,500003409,training
6071,500003410,training
6072,500003414,training
6073,500003416,training
6074,500003421,training
6075,500003422,training
6076,500003426,training
6077,500003428,training
6078,500003434,training
6079,500003435,training
6080,500003438,training
6081,500003449,training
6082,500003452,training
6083,500003453,training
6084,500003454,training
6085,500003457,training
6086,500003461,training
6087,500003462,training
6088,500003466,training
6089,500003469,training
6090,500003479,training
6091,500003481,training
6092,500003482,training
6093,500003487,training
6094,500003488,training
6095,500003491,training
6096,500003492,training
6097,500003493,training
6098,500003496,training
6099,500003499,training
6100,500003504,training
6101,500003505,training
6102,500003507,training
6103,500003512,training
6104,500003515,training
6105,500003516,training
6106,500003518,training
6107,500003520,training
6108,500003521,training
6109,500003522,training
6110,500003523,training
6111,500003534,training
6112,500003541,training
6113,500003542,training
6114,500003543,training
6115,500003546,training
6116,500003547,training
6117,500003553,training
6118,500003555,training
6119,500003556,training
6120,500003566,training
6121,500003567,training
6122,500003568,training
6123,500003569,training
6124,500003577,training
6125,500003580,training
6126,500003581,training
6127,500003582,training
6128,500003585,training
6129,500003588,training
6130,500003589,training
6131,500003590,training
6132,500003591,training
6133,500003592,training
6134,500003593,training
6135,500003595,training
6136,500003596,training
6137,500003597,training
6138,500003601,training
6139,500003606,training
6140,500003610,training
6141,500003614,training
6142,500003619,training
6143,500003638,training
6144,500003640,training
6145,500003641,training
6146,500003642,training
6147,500003644,training
6148,500003646,training
6149,500003658,training
6150,500003662,training
6151,500003682,training
6152,500003684,training
6153,500003691,training
6154,500003692,training
6155,500003693,training
6156,500003702,training
6157,500003704,training
6158,500003708,training
6159,500003729,training
6160,500003733,training
6161,500003747,training
6162,500003759,training
6163,500003760,training
6164,500003768,training
6165,500003771,training
6166,500003772,training
6167,500003773,training
6168,500003774,training
6169,500003778,training
6170,500003803,training
6171,500003807,training
6172,500003811,training
6173,500003812,training
6174,500003813,training
6175,500003815,training
6176,500003821,training
6177,500003827,training
6178,500003834,training
6179,500003837,training
6180,500003839,training
6181,500003840,training
6182,500003844,training
6183,500003845,training
6184,500003848,training
6185,500003849,training
6186,500003851,training
6187,500003854,training
6188,500003855,training
6189,500003856,training
6190,500003857,training
6191,500003860,training
6192,500003863,training
6193,500003866,training
6194,500003868,training
6195,500003869,training
6196,500003870,training
6197,500003871,training
6198,500003874,training
6199,500003877,training
6200,500003878,training
6201,500003879,training
6202,500003881,training
6203,500003882,training
6204,500003884,training
6205,500003889,training
6206,500003892,training
6207,500003893,training
6208,500003895,training
6209,500003896,training
6210,500003897,training
6211,500003901,training
6212,500003905,training
6213,500003906,training
6214,500003907,training
6215,500003909,training
6216,500003915,training
6217,500003918,training
6218,500003919,training
6219,500003921,training
6220,500003922,training
6221,500003924,training
6222,500003926,training
6223,500003928,training
6224,500003930,training
6225,500003933,training
6226,500003934,training
6227,500003935,training
6228,500003950,training
6229,500003961,training
6230,500003964,training
6231,500003971,training
6232,500003972,training
6233,500003974,training
6234,500003975,training
6235,500003976,training
6236,500003977,training
6237,500003978,training
6238,500003980,training
6239,500003982,training
6240,500003983,training
6241,500003986,training
6242,500003987,training
6243,500003988,training
6244,500003990,training
6245,500003991,training
6246,500003993,training
6247,500003994,training
6248,500003995,training
6249,500004000,training
6250,500004002,training
6251,500004003,training
6252,500004005,training
6253,500004006,training
6254,500004007,training
6255,500004008,training
6256,500004009,training
6257,500004010,training
6258,500004012,training
6259,500004014,training
6260,500004019,training
6261,500004020,training
6262,500004021,training
6263,500004022,training
6264,500004025,training
6265,500004028,training
6266,500004030,training
6267,500004034,training
6268,500004035,training
6269,500004036,training
6270,500004037,training
6271,500004039,training
6272,500004041,training
6273,500004043,training
6274,500004044,training
6275,500004047,training
6276,500004048,training
6277,500004049,training
6278,500004050,training
6279,500004051,training
6280,500004054,training
6281,500004055,training
6282,500004059,training
6283,500004060,training
6284,500004068,training
6285,500004069,training
6286,500004071,training
6287,500004074,training
6288,500004076,training
6289,500004077,training
6290,500004078,training
6291,500004081,training
6292,500004083,training
6293,500006006,training
6294,500006012,training
6295,500006015,training
6296,500006025,training
6297,500006026,training
6298,500006040,training
6299,500006043,training
6300,500006045,training
6301,500006050,training
6302,500012322,training
6303,500012325,training
6304,500012335,training
6305,500012339,training
6306,500012340,training
6307,500012343,training
6308,500012351,training
6309,500012364,training
6310,500012369,training
6311,500012372,training
6312,500012378,training
6313,500012383,training
6314,500012386,training
6315,500012389,training
6316,500012390,training
6317,500012392,training
6318,500012395,training
6319,500012409,training
6320,500012416,training
6321,500012417,training
6322,500012418,training
6323,500012432,training
6324,500012435,training
6325,500012436,training
6326,500012438,training
6327,500012439,training
6328,500012443,training
6329,500012460,training
6330,500012471,training
6331,500012517,training
6332,500012534,training
6333,500012540,training
6334,500012542,training
6335,500012546,training
6336,500012548,training
6337,500012550,training
6338,500012565,training
6339,500012582,training
6340,500012584,training
6341,500012606,training
6342,500012613,training
6343,500012633,training
6344,500012650,training
6345,500012653,training
6346,500012668,training
6347,500012698,training
6348,500012709,training
6349,500012736,training
6350,500012750,training
6351,500012760,training
6352,500012763,training
6353,500012768,training
6354,500012780,training
6355,500012795,training
6356,500012803,training
6357,500012806,training
6358,500012813,training
6359,500012839,training
6360,500012840,training
6361,500012841,training
6362,500012865,training
6363,500012866,training
6364,500012879,training
6365,500012882,training
6366,500012899,training
6367,500012937,training
6368,500012985,training
6369,500012993,training
6370,500013031,training
6371,500013048,training
6372,500013052,training
6373,500013068,training
6374,500013097,training
6375,500013208,training
6376,500013231,training
6377,500013280,training
6378,500013300,training
6379,500013303,training
6380,500013374,training
6381,500013406,training
6382,500013420,training
0,500003650,external test
1,500003651,external test
2,500003652,external test
3,500003653,external test
4,500003654,external test
5,500003656,external test
6,500003657,external test
7,500003666,external test
8,500003667,external test
9,500003668,external test
10,500003669,external test
11,500003670,external test
12,500003671,external test
13,500003672,external test
14,500003673,external test
15,500003710,external test
16,500003712,external test
17,500003713,external test
18,500003714,external test
19,500003715,external test
20,500003716,external test
21,500003717,external test
22,500003720,external test
23,500003721,external test
24,500003722,external test
25,500003723,external test
26,500003724,external test
27,500003725,external test
28,500003726,external test
29,500003727,external test
30,500003728,external test
31,500003737,external test
32,500003738,external test
33,500003739,external test
34,500003740,external test
35,500003741,external test
36,500003742,external test
37,500003750,external test
38,500003751,external test
39,500003752,external test
40,500003753,external test
41,500003754,external test
42,500003755,external test
43,500003756,external test
44,500003757,external test
45,500003758,external test
46,500012765,external test
47,500012785,external test
48,500012786,external test
49,500012787,external test
50,500003735,external test
51,500000127,external test
52,500000130,external test
53,500000154,external test
54,500000157,external test
55,500000161,external test
56,500000162,external test
57,500000164,external test
58,500000165,external test
59,500000168,external test
60,500000169,external test
61,500000170,external test
62,500000173,external test
63,500000176,external test
64,500000178,external test
65,500000179,external test
66,500000181,external test
67,500000185,external test
68,500000186,external test
69,500000194,external test
70,500000195,external test
71,500000199,external test
72,500000201,external test
73,500000204,external test
74,500000205,external test
75,500000206,external test
76,500000207,external test
77,500000212,external test
78,500000213,external test
79,500000214,external test
80,500000217,external test
81,500000219,external test
82,500000221,external test
83,500000223,external test
84,500000224,external test
85,500000226,external test
86,500000238,external test
87,500000239,external test
88,500000241,external test
89,500000242,external test
90,500000243,external test
91,500000244,external test
92,500000246,external test
93,500000247,external test
94,500000248,external test
95,500000249,external test
96,500000252,external test
97,500000254,external test
98,500000255,external test
99,500000256,external test
100,500000257,external test
101,500000258,external test
102,500000264,external test
103,500000265,external test
104,500000266,external test
105,500000267,external test
106,500000268,external test
107,500000270,external test
108,500000272,external test
109,500000273,external test
110,500000274,external test
111,500000277,external test
112,500000278,external test
113,500000281,external test
114,500000283,external test
115,500000290,external test
116,500000291,external test
117,500000292,external test
118,500000293,external test
119,500000295,external test
120,500000296,external test
121,500000297,external test
122,500000301,external test
123,500000319,external test
124,500000333,external test
125,500000335,external test
126,500000336,external test
127,500000338,external test
128,500000343,external test
129,500000346,external test
130,500000348,external test
131,500000350,external test
132,500000351,external test
133,500000353,external test
134,500000354,external test
135,500000355,external test
136,500000357,external test
137,500000360,external test
138,500000374,external test
139,500000377,external test
140,500000384,external test
141,500000386,external test
142,500000387,external test
143,500000389,external test
144,500000392,external test
145,500000394,external test
146,500000398,external test
147,500000400,external test
148,500000403,external test
149,500000407,external test
150,500000408,external test
151,500000409,external test
152,500000410,external test
153,500000411,external test
154,500000412,external test
155,500000414,external test
156,500000438,external test
157,500000439,external test
158,500000440,external test
159,500000443,external test
160,500000447,external test
161,500000455,external test
162,500000456,external test
163,500000461,external test
164,500000467,external test
165,500000468,external test
166,500000469,external test
167,500000470,external test
168,500000471,external test
169,500000472,external test
170,500000473,external test
171,500000475,external test
172,500000476,external test
173,500000478,external test
174,500000481,external test
175,500000483,external test
176,500000484,external test
177,500000487,external test
178,500000488,external test
179,500000490,external test
180,500000491,external test
181,500000496,external test
182,500000497,external test
183,500000500,external test
184,500000503,external test
185,500000505,external test
186,500000511,external test
187,500000512,external test
188,500000514,external test
189,500000515,external test
190,500000519,external test
191,500000521,external test
192,500000523,external test
193,500000524,external test
194,500000527,external test
195,500000533,external test
196,500000536,external test
197,500000537,external test
198,500000547,external test
199,500000548,external test
200,500000550,external test
201,500000551,external test
202,500000552,external test
203,500000553,external test
204,500000560,external test
205,500000561,external test
206,500000564,external test
207,500000567,external test
208,500000569,external test
209,500000577,external test
210,500000589,external test
211,500000590,external test
212,500000593,external test
213,500000600,external test
214,500000604,external test
215,500000606,external test
216,500000607,external test
217,500000614,external test
218,500000616,external test
219,500000705,external test
220,500000706,external test
221,500000709,external test
222,500000710,external test
223,500000711,external test
224,500000712,external test
225,500000715,external test
226,500000716,external test
227,500000718,external test
228,500000719,external test
229,500000720,external test
230,500000724,external test
231,500000725,external test
232,500000728,external test
233,500000730,external test
234,500000733,external test
235,500000734,external test
236,500000740,external test
237,500000741,external test
238,500000743,external test
239,500000746,external test
240,500000747,external test
241,500000750,external test
242,500000752,external test
243,500000754,external test
244,500000755,external test
245,500000756,external test
246,500000757,external test
247,500000759,external test
248,500000762,external test
249,500000763,external test
250,500000766,external test
251,500000767,external test
252,500000770,external test
253,500000774,external test
254,500000775,external test
255,500000777,external test
256,500000779,external test
257,500000783,external test
258,500000784,external test
259,500000786,external test
260,500000791,external test
261,500000792,external test
262,500000793,external test
263,500000798,external test
264,500000800,external test
265,500000803,external test
266,500000804,external test
267,500000805,external test
268,500000807,external test
269,500000808,external test
270,500000809,external test
271,500000811,external test
272,500000812,external test
273,500000813,external test
274,500000814,external test
275,500000815,external test
276,500000821,external test
277,500000862,external test
278,500000874,external test
279,500000880,external test
280,500000881,external test
281,500000899,external test
282,500000900,external test
283,500000901,external test
284,500000906,external test
285,500000907,external test
286,500000917,external test
287,500000920,external test
288,500000922,external test
289,500000923,external test
290,500000925,external test
291,500000928,external test
292,500000929,external test
293,500000935,external test
294,500000938,external test
295,500000964,external test
296,500000965,external test
297,500000969,external test
298,500000972,external test
299,500000973,external test
300,500000976,external test
301,500000979,external test
302,500000984,external test
303,500000985,external test
304,500000992,external test
305,500000994,external test
306,500000998,external test
307,500001012,external test
308,500001013,external test
309,500001020,external test
310,500001021,external test
311,500001023,external test
312,500001027,external test
313,500001029,external test
314,500001031,external test
315,500001032,external test
316,500001034,external test
317,500001038,external test
318,500001040,external test
319,500001041,external test
320,500001042,external test
321,500001045,external test
322,500001046,external test
323,500001048,external test
324,500001049,external test
325,500001055,external test
326,500001061,external test
327,500001097,external test
328,500001104,external test
329,500001106,external test
330,500001117,external test
331,500001144,external test
332,500001145,external test
333,500001147,external test
334,500001154,external test
335,500001160,external test
336,500001191,external test
337,500001197,external test
338,500001204,external test
339,500001215,external test
340,500001220,external test
341,500001227,external test
342,500001228,external test
343,500001229,external test
344,500001240,external test
345,500001244,external test
346,500001248,external test
347,500001249,external test
348,500001251,external test
349,500001252,external test
350,500001254,external test
351,500001257,external test
352,500001260,external test
353,500001262,external test
354,500001267,external test
355,500001271,external test
356,500001272,external test
357,500001274,external test
358,500001276,external test
359,500001282,external test
360,500001297,external test
361,500001298,external test
362,500001304,external test
363,500001305,external test
364,500001310,external test
365,500001313,external test
366,500001314,external test
367,500001316,external test
368,500001317,external test
369,500001319,external test
370,500001332,external test
371,500001338,external test
372,500001339,external test
373,500001340,external test
374,500001343,external test
375,500001351,external test
376,500001352,external test
377,500001357,external test
378,500001358,external test
379,500001363,external test
380,500001365,external test
381,500001369,external test
382,500001376,external test
383,500001384,external test
384,500001389,external test
385,500001392,external test
386,500001393,external test
387,500001396,external test
388,500001399,external test
389,500001409,external test
390,500001413,external test
391,500001420,external test
392,500001421,external test
393,500001423,external test
394,500001425,external test
395,500001426,external test
396,500001435,external test
397,500001436,external test
398,500001439,external test
399,500001440,external test
400,500001455,external test
401,500001465,external test
402,500001478,external test
403,500001479,external test
404,500001480,external test
405,500001483,external test
406,500001484,external test
407,500001485,external test
408,500001494,external test
409,500001496,external test
410,500001503,external test
411,500001506,external test
412,500001508,external test
413,500001509,external test
414,500001512,external test
415,500001513,external test
416,500001517,external test
417,500001519,external test
418,500001522,external test
419,500001524,external test
420,500001525,external test
421,500001526,external test
422,500001529,external test
423,500001530,external test
424,500001531,external test
425,500001532,external test
426,500001537,external test
427,500001538,external test
428,500001539,external test
429,500001543,external test
430,500001544,external test
431,500001546,external test
432,500001547,external test
433,500001549,external test
434,500001551,external test
435,500001552,external test
436,500001558,external test
437,500001559,external test
438,500001564,external test
439,500001570,external test
440,500001572,external test
441,500001578,external test
442,500001579,external test
443,500001593,external test
444,500001599,external test
445,500001602,external test
446,500001614,external test
447,500001615,external test
448,500001617,external test
449,500001627,external test
450,500001651,external test
451,500001655,external test
452,500001656,external test
453,500001657,external test
454,500001659,external test
455,500001663,external test
456,500001666,external test
457,500001667,external test
458,500001669,external test
459,500001682,external test
460,500001697,external test
461,500001701,external test
462,500001705,external test
463,500001718,external test
464,500001719,external test
465,500001720,external test
466,500001722,external test
467,500001724,external test
468,500001726,external test
469,500001730,external test
470,500001738,external test
471,500001740,external test
472,500001741,external test
473,500001742,external test
474,500001748,external test
475,500001761,external test
476,500001762,external test
477,500001763,external test
478,500001764,external test
479,500001769,external test
480,500001775,external test
481,500001776,external test
482,500001779,external test
483,500001781,external test
484,500001783,external test
485,500001810,external test
486,500001824,external test
487,500001830,external test
488,500001831,external test
489,500001837,external test
490,500001838,external test
491,500001840,external test
492,500001851,external test
493,500001855,external test
494,500001880,external test
495,500001886,external test
496,500001887,external test
497,500001894,external test
498,500001895,external test
499,500001903,external test
500,500001914,external test
501,500001916,external test
502,500001917,external test
503,500001918,external test
504,500001950,external test
505,500001951,external test
506,500001971,external test
507,500001972,external test
508,500001974,external test
509,500001984,external test
510,500001989,external test
511,500001995,external test
512,500002000,external test
513,500002007,external test
514,500002032,external test
515,500002037,external test
516,500002046,external test
517,500002048,external test
518,500002049,external test
519,500002050,external test
520,500002051,external test
521,500002054,external test
522,500002076,external test
523,500002080,external test
524,500002083,external test
525,500002085,external test
526,500002087,external test
527,500002088,external test
528,500002091,external test
529,500002093,external test
530,500002094,external test
531,500002104,external test
532,500002110,external test
533,500002114,external test
534,500002115,external test
535,500002128,external test
536,500002129,external test
537,500002134,external test
538,500002157,external test
539,500002158,external test
540,500002166,external test
541,500002171,external test
542,500002174,external test
543,500002175,external test
544,500002188,external test
545,500002191,external test
546,500002193,external test
547,500002194,external test
548,500002195,external test
549,500002198,external test
550,500002200,external test
551,500002220,external test
552,500002225,external test
553,500002227,external test
554,500002228,external test
555,500002229,external test
556,500002232,external test
557,500002242,external test
558,500002244,external test
559,500002246,external test
560,500002252,external test
561,500002253,external test
562,500002259,external test
563,500002266,external test
564,500002269,external test
565,500002271,external test
566,500002272,external test
567,500002279,external test
568,500002283,external test
569,500002284,external test
570,500002288,external test
571,500002295,external test
572,500002297,external test
573,500002298,external test
574,500002302,external test
575,500002321,external test
576,500002322,external test
577,500002327,external test
578,500002328,external test
579,500002330,external test
580,500002332,external test
581,500002334,external test
582,500002340,external test
583,500002341,external test
584,500002346,external test
585,500002347,external test
586,500002352,external test
587,500002359,external test
588,500002362,external test
589,500002363,external test
590,500002364,external test
591,500002366,external test
592,500002367,external test
593,500002398,external test
594,500002399,external test
595,500002403,external test
596,500002410,external test
597,500002420,external test
598,500002421,external test
599,500002422,external test
600,500002429,external test
601,500002431,external test
602,500002447,external test
603,500002448,external test
604,500002454,external test
605,500002460,external test
606,500002465,external test
607,500002472,external test
608,500002473,external test
609,500002476,external test
610,500002478,external test
611,500002479,external test
612,500002483,external test
613,500002486,external test
614,500002487,external test
615,500002490,external test
616,500002492,external test
617,500002493,external test
618,500002495,external test
619,500002507,external test
620,500002508,external test
621,500002510,external test
622,500002519,external test
623,500002528,external test
624,500002532,external test
625,500002536,external test
626,500002540,external test
627,500002544,external test
628,500002548,external test
629,500002550,external test
630,500002551,external test
631,500002552,external test
632,500002553,external test
633,500002560,external test
634,500002564,external test
635,500002570,external test
636,500002571,external test
637,500002572,external test
638,500002573,external test
639,500002575,external test
640,500002577,external test
641,500002583,external test
642,500002584,external test
643,500002589,external test
644,500002591,external test
645,500002595,external test
646,500002598,external test
647,500002603,external test
648,500002606,external test
649,500002608,external test
650,500002614,external test
651,500002620,external test
652,500002621,external test
653,500002627,external test
654,500002657,external test
655,500002664,external test
656,500002665,external test
657,500002666,external test
658,500002669,external test
659,500002675,external test
660,500002677,external test
661,500002679,external test
662,500002680,external test
663,500002685,external test
664,500002686,external test
665,500002687,external test
666,500002691,external test
667,500002692,external test
668,500002700,external test
669,500002709,external test
670,500002712,external test
671,500002716,external test
672,500002717,external test
673,500002723,external test
674,500002739,external test
675,500002745,external test
676,500002746,external test
677,500002748,external test
678,500002767,external test
679,500002768,external test
680,500002770,external test
681,500002771,external test
682,500002773,external test
683,500002774,external test
684,500002791,external test
685,500002796,external test
686,500002797,external test
687,500002805,external test
688,500002806,external test
689,500002808,external test
690,500002809,external test
691,500002811,external test
692,500002812,external test
693,500002814,external test
694,500002827,external test
695,500002833,external test
696,500002837,external test
697,500002844,external test
698,500002857,external test
699,500002860,external test
700,500002862,external test
701,500002868,external test
702,500002869,external test
703,500002870,external test
704,500002874,external test
705,500002875,external test
706,500002879,external test
707,500002880,external test
708,500002882,external test
709,500002884,external test
710,500002903,external test
711,500002904,external test
712,500002914,external test
713,500002916,external test
714,500002917,external test
715,500002919,external test
716,500002920,external test
717,500002925,external test
718,500002929,external test
719,500002931,external test
720,500002936,external test
721,500002937,external test
722,500002939,external test
723,500002941,external test
724,500002942,external test
725,500002962,external test
726,500002966,external test
727,500002969,external test
728,500002978,external test
729,500002980,external test
730,500002991,external test
731,500002992,external test
732,500002995,external test
733,500002996,external test
734,500002997,external test
735,500003003,external test
736,500003004,external test
737,500003006,external test
738,500003007,external test
739,500003035,external test
740,500003042,external test
741,500003077,external test
742,500003079,external test
743,500003082,external test
744,500003088,external test
745,500003089,external test
746,500003093,external test
747,500003109,external test
748,500003111,external test
749,500003114,external test
750,500003116,external test
751,500003118,external test
752,500003120,external test
753,500003130,external test
754,500003131,external test
755,500003132,external test
756,500003145,external test
757,500003148,external test
758,500003149,external test
759,500003150,external test
760,500003151,external test
761,500003164,external test
762,500003175,external test
763,500003177,external test
764,500003178,external test
765,500003185,external test
766,500003189,external test
767,500003194,external test
768,500003195,external test
769,500003196,external test
770,500003198,external test
771,500003199,external test
772,500003219,external test
773,500003220,external test
774,500003231,external test
775,500003234,external test
776,500003235,external test
777,500003256,external test
778,500003257,external test
779,500003266,external test
780,500003267,external test
781,500003311,external test
782,500003360,external test
783,500003362,external test
784,500003373,external test
785,500003375,external test
786,500003376,external test
787,500003381,external test
788,500003383,external test
789,500003390,external test
790,500003438,external test
791,500003442,external test
792,500003444,external test
793,500003449,external test
794,500003475,external test
795,500003479,external test
796,500003487,external test
797,500003492,external test
798,500003496,external test
799,500003498,external test
800,500003499,external test
801,500003504,external test
802,500003512,external test
803,500003516,external test
804,500003518,external test
805,500003522,external test
806,500003531,external test
807,500003533,external test
808,500003534,external test
809,500003535,external test
810,500003541,external test
811,500003542,external test
812,500003543,external test
813,500003546,external test
814,500003547,external test
815,500003550,external test
816,500003566,external test
817,500003567,external test
818,500003568,external test
819,500003573,external test
820,500003602,external test
821,500003634,external test
822,500003635,external test
823,500003638,external test
824,500003660,external test
825,500003676,external test
826,500003678,external test
827,500003681,external test
828,500003682,external test
829,500003683,external test
830,500003704,external test
831,500003729,external test
832,500003774,external test
833,500003807,external test
834,500003832,external test
835,500003889,external test
836,500003909,external test
837,500003945,external test
838,500003948,external test
839,500003949,external test
840,500003955,external test
841,500003956,external test
842,500003961,external test
843,500003964,external test
844,500003965,external test
845,500004009,external test
846,500004014,external test
847,500004042,external test
848,500004051,external test
849,500004063,external test
850,500004064,external test
851,500004068,external test
852,500004069,external test
853,500004071,external test
854,500004072,external test
855,500004073,external test
856,500004074,external test
857,500004076,external test
858,500004077,external test
859,500004078,external test
860,500004081,external test
861,500004083,external test
862,500012511,external test
863,500012534,external test
864,500012535,external test
865,500012546,external test
866,500012551,external test
867,500012557,external test
868,500012581,external test
869,500012582,external test
870,500012628,external test
871,500012668,external test
872,500012673,external test
873,500012674,external test
874,500012698,external test
875,500012706,external test
876,500012709,external test
877,500012763,external test
878,500012768,external test
879,500012780,external test
880,500012803,external test
881,500012825,external test
882,500012841,external test
883,500012842,external test
884,500012860,external test
885,500012862,external test
886,500012866,external test
887,500012879,external test
888,500012882,external test
889,500012920,external test
890,500012937,external test
891,500012985,external test
892,500012993,external test
893,500013002,external test
894,500013041,external test
895,500013048,external test
896,500013052,external test
897,500013065,external test
898,500013068,external test
899,500013097,external test
900,500013208,external test
901,500013231,external test
902,500013280,external test
903,500013300,external test
904,500013303,external test
905,500013374,external test
906,500013406,external test
907,500013420,external test
